temperature,ka_mean,frac,dataset,type
0.1,0.9752507279197671,0.02,manifestos_multi,Filtered
0.1,0.9531907717871119,0.05,manifestos_multi,Filtered
0.1,0.9553088193850546,0.1,manifestos_multi,Filtered
0.1,0.9604102320269671,0.25,manifestos_multi,Filtered
0.1,0.9611045399422941,0.5,manifestos_multi,Filtered
0.1,0.9602490561176983,0.75,manifestos_multi,Filtered
0.3,0.9158989544490751,0.02,manifestos_multi,Filtered
0.3,0.8821487560705304,0.05,manifestos_multi,Filtered
0.3,0.9122513197528522,0.1,manifestos_multi,Filtered
0.3,0.9089794133642799,0.25,manifestos_multi,Filtered
0.3,0.9116133017612279,0.5,manifestos_multi,Filtered
0.3,0.9130301401968266,0.75,manifestos_multi,Filtered
0.5,0.8921763743310778,0.02,manifestos_multi,Filtered
0.5,0.9348675025384392,0.05,manifestos_multi,Filtered
0.5,0.9305557778682852,0.1,manifestos_multi,Filtered
0.5,0.9299532560279309,0.25,manifestos_multi,Filtered
0.5,0.9316290548394637,0.5,manifestos_multi,Filtered
0.5,0.9327845391108708,0.75,manifestos_multi,Filtered
0.7,0.9714061448755327,0.02,manifestos_multi,Filtered
0.7,0.9605341346805257,0.05,manifestos_multi,Filtered
0.7,0.9481242324464116,0.1,manifestos_multi,Filtered
0.7,0.955604904191824,0.25,manifestos_multi,Filtered
0.7,0.9551226887143055,0.5,manifestos_multi,Filtered
0.7,0.9571725648367271,0.75,manifestos_multi,Filtered
0.9,0.887691955076782,0.02,manifestos_multi,Filtered
0.9,0.8782556429666135,0.05,manifestos_multi,Filtered
0.9,0.8933559516776778,0.1,manifestos_multi,Filtered
0.9,0.902808472403541,0.25,manifestos_multi,Filtered
0.9,0.9035690246676767,0.5,manifestos_multi,Filtered
0.9,0.903919356428006,0.75,manifestos_multi,Filtered
1.1,0.900738911504254,0.02,manifestos_multi,Filtered
1.1,0.9066916151238471,0.05,manifestos_multi,Filtered
1.1,0.9050449181775788,0.1,manifestos_multi,Filtered
1.1,0.9147253102924872,0.25,manifestos_multi,Filtered
1.1,0.9123403435973381,0.5,manifestos_multi,Filtered
1.1,0.912965101813398,0.75,manifestos_multi,Filtered
1.3,0.9112097669256382,0.02,manifestos_multi,Filtered
1.3,0.8850538555071085,0.05,manifestos_multi,Filtered
1.3,0.89137912206229,0.1,manifestos_multi,Filtered
1.3,0.8981883451598367,0.25,manifestos_multi,Filtered
1.3,0.8951504638517169,0.5,manifestos_multi,Filtered
1.3,0.8966962677411394,0.75,manifestos_multi,Filtered
1.5,0.8984828201695672,0.02,manifestos_multi,Filtered
1.5,0.9144589331771427,0.05,manifestos_multi,Filtered
1.5,0.9168092333789376,0.1,manifestos_multi,Filtered
1.5,0.9101355185857906,0.25,manifestos_multi,Filtered
1.5,0.9136360953264416,0.5,manifestos_multi,Filtered
1.5,0.9135622809069812,0.75,manifestos_multi,Filtered
1.7,0.9301199710231991,0.02,manifestos_multi,Filtered
1.7,0.8973110402787553,0.05,manifestos_multi,Filtered
1.7,0.9090927018513837,0.1,manifestos_multi,Filtered
1.7,0.9095332398119272,0.25,manifestos_multi,Filtered
1.7,0.9064321553412734,0.5,manifestos_multi,Filtered
1.7,0.9101146273182089,0.75,manifestos_multi,Filtered
1.9,0.9118355009049689,0.02,manifestos_multi,Filtered
1.9,0.8982988605065616,0.05,manifestos_multi,Filtered
1.9,0.9003152708976372,0.1,manifestos_multi,Filtered
1.9,0.902686671852647,0.25,manifestos_multi,Filtered
1.9,0.8966545419264075,0.5,manifestos_multi,Filtered
1.9,0.9000703924065686,0.75,manifestos_multi,Filtered
2.1,0.938759421627442,0.02,manifestos_multi,Filtered
2.1,0.9343629979068574,0.05,manifestos_multi,Filtered
2.1,0.9187896508024423,0.1,manifestos_multi,Filtered
2.1,0.9231156571005987,0.25,manifestos_multi,Filtered
2.1,0.9230842188555046,0.5,manifestos_multi,Filtered
2.1,0.925547802331089,0.75,manifestos_multi,Filtered
2.3,0.9173290937996821,0.02,manifestos_multi,Filtered
2.3,0.9208977225727828,0.05,manifestos_multi,Filtered
2.3,0.9265759510446798,0.1,manifestos_multi,Filtered
2.3,0.9210079245635039,0.25,manifestos_multi,Filtered
2.3,0.9176456491688916,0.5,manifestos_multi,Filtered
2.3,0.9192953219954014,0.75,manifestos_multi,Filtered
2.5,0.9221717141901332,0.02,manifestos_multi,Filtered
2.5,0.912177106666836,0.05,manifestos_multi,Filtered
2.5,0.9160844480827118,0.1,manifestos_multi,Filtered
2.5,0.9114976506838638,0.25,manifestos_multi,Filtered
2.5,0.9071813901899938,0.5,manifestos_multi,Filtered
2.5,0.9089515485257781,0.75,manifestos_multi,Filtered
2.7,0.9437964181368067,0.02,manifestos_multi,Filtered
2.7,0.9275631349678135,0.05,manifestos_multi,Filtered
2.7,0.9146038308733732,0.1,manifestos_multi,Filtered
2.7,0.8951935044424095,0.25,manifestos_multi,Filtered
2.7,0.8955368984726093,0.5,manifestos_multi,Filtered
2.7,0.8972005512709175,0.75,manifestos_multi,Filtered
2.9,0.8637225963916657,0.02,manifestos_multi,Filtered
2.9,0.8952859607971242,0.05,manifestos_multi,Filtered
2.9,0.8951083954552363,0.1,manifestos_multi,Filtered
2.9,0.8961707667983365,0.25,manifestos_multi,Filtered
2.9,0.9012906908382831,0.5,manifestos_multi,Filtered
2.9,0.9003157933658459,0.75,manifestos_multi,Filtered
3.1,0.912425015266353,0.02,manifestos_multi,Filtered
3.1,0.9256922119814405,0.05,manifestos_multi,Filtered
3.1,0.9288487013441087,0.1,manifestos_multi,Filtered
3.1,0.9292510401052283,0.25,manifestos_multi,Filtered
3.1,0.9244131789851278,0.5,manifestos_multi,Filtered
3.1,0.9239193365815398,0.75,manifestos_multi,Filtered
3.3,0.9288162768839499,0.02,manifestos_multi,Filtered
3.3,0.897029106788107,0.05,manifestos_multi,Filtered
3.3,0.8963683855004088,0.1,manifestos_multi,Filtered
3.3,0.8942345108862436,0.25,manifestos_multi,Filtered
3.3,0.8944872275886586,0.5,manifestos_multi,Filtered
3.3,0.8967843678666101,0.75,manifestos_multi,Filtered
3.5,0.9371106851940585,0.02,manifestos_multi,Filtered
3.5,0.9083960837714592,0.05,manifestos_multi,Filtered
3.5,0.880924642038891,0.1,manifestos_multi,Filtered
3.5,0.8834801320475325,0.25,manifestos_multi,Filtered
3.5,0.8882642389174503,0.5,manifestos_multi,Filtered
3.5,0.8889255209943323,0.75,manifestos_multi,Filtered
3.7,0.9156366935026647,0.02,manifestos_multi,Filtered
3.7,0.900164431943152,0.05,manifestos_multi,Filtered
3.7,0.8793193360236836,0.1,manifestos_multi,Filtered
3.7,0.8914799644012612,0.25,manifestos_multi,Filtered
3.7,0.8897184320092717,0.5,manifestos_multi,Filtered
3.7,0.883750329696383,0.75,manifestos_multi,Filtered
3.9,0.7723369888633852,0.02,manifestos_multi,Filtered
3.9,0.8789121691908229,0.05,manifestos_multi,Filtered
3.9,0.8859121111542937,0.1,manifestos_multi,Filtered
3.9,0.8907231650710876,0.25,manifestos_multi,Filtered
3.9,0.9001415993980013,0.5,manifestos_multi,Filtered
3.9,0.9003418236314216,0.75,manifestos_multi,Filtered
4.1,0.8862595669523124,0.02,manifestos_multi,Filtered
4.1,0.8789506328710502,0.05,manifestos_multi,Filtered
4.1,0.8735558501190951,0.1,manifestos_multi,Filtered
4.1,0.8756713193632645,0.25,manifestos_multi,Filtered
4.1,0.8745907453110638,0.5,manifestos_multi,Filtered
4.1,0.8717946714894061,0.75,manifestos_multi,Filtered
4.3,0.9003444316877153,0.02,manifestos_multi,Filtered
4.3,0.8772784418882457,0.05,manifestos_multi,Filtered
4.3,0.8649954478142658,0.1,manifestos_multi,Filtered
4.3,0.8779059929339466,0.25,manifestos_multi,Filtered
4.3,0.8734158789610076,0.5,manifestos_multi,Filtered
4.3,0.8759096643517413,0.75,manifestos_multi,Filtered
4.5,0.9491288639100762,0.02,manifestos_multi,Filtered
4.5,0.9202874324138512,0.05,manifestos_multi,Filtered
4.5,0.9343375439220012,0.1,manifestos_multi,Filtered
4.5,0.9247118082904655,0.25,manifestos_multi,Filtered
4.5,0.92124024641285,0.5,manifestos_multi,Filtered
4.5,0.9206073342867183,0.75,manifestos_multi,Filtered
4.8,0.8083105549564913,0.02,manifestos_multi,Filtered
4.8,0.8141677582033179,0.05,manifestos_multi,Filtered
4.8,0.822365966835748,0.1,manifestos_multi,Filtered
4.8,0.8368528551580358,0.25,manifestos_multi,Filtered
4.8,0.8351481211997466,0.5,manifestos_multi,Filtered
4.8,0.8386825756618598,0.75,manifestos_multi,Filtered
5.0,0.8447534403669725,0.02,manifestos_multi,Filtered
5.0,0.8415882058179708,0.05,manifestos_multi,Filtered
5.0,0.8549442445782506,0.1,manifestos_multi,Filtered
5.0,0.856206560895827,0.25,manifestos_multi,Filtered
5.0,0.8505889398564583,0.5,manifestos_multi,Filtered
5.0,0.8492278560416487,0.75,manifestos_multi,Filtered
0.1,0.9625,0.02,manifestos,Filtered
0.1,0.9534883720930233,0.05,manifestos,Filtered
0.1,0.9350179799874921,0.1,manifestos,Filtered
0.1,0.9290160695096865,0.25,manifestos,Filtered
0.1,0.9302608124656735,0.5,manifestos,Filtered
0.1,0.9266126481728919,0.75,manifestos,Filtered
0.3,0.9626068376068376,0.02,manifestos,Filtered
0.3,0.9255781603199443,0.05,manifestos,Filtered
0.3,0.93064112102138,0.1,manifestos,Filtered
0.3,0.9180013305799469,0.25,manifestos,Filtered
0.3,0.920087648064136,0.5,manifestos,Filtered
0.3,0.9183792184429675,0.75,manifestos,Filtered
0.5,0.8877005347593583,0.02,manifestos,Filtered
0.5,0.8480620155038759,0.05,manifestos,Filtered
0.5,0.8525188461431472,0.1,manifestos,Filtered
0.5,0.8373877554295829,0.25,manifestos,Filtered
0.5,0.8456021670593122,0.5,manifestos,Filtered
0.5,0.847957527706499,0.75,manifestos,Filtered
0.7,0.8131007475970096,0.02,manifestos,Filtered
0.7,0.8632984901277584,0.05,manifestos,Filtered
0.7,0.8656811661755811,0.1,manifestos,Filtered
0.7,0.8731928109270625,0.25,manifestos,Filtered
0.7,0.8695730945311382,0.5,manifestos,Filtered
0.7,0.8678443379319052,0.75,manifestos,Filtered
0.9,0.8803827751196173,0.02,manifestos,Filtered
0.9,0.8495346744989529,0.05,manifestos,Filtered
0.9,0.8391788524782711,0.1,manifestos,Filtered
0.9,0.8342303749117685,0.25,manifestos,Filtered
0.9,0.8489610874941328,0.5,manifestos,Filtered
0.9,0.8480545555987877,0.75,manifestos,Filtered
1.1,0.9252136752136753,0.02,manifestos,Filtered
1.1,0.8573023120968326,0.05,manifestos,Filtered
1.1,0.8350292295149931,0.1,manifestos,Filtered
1.1,0.8357793654553596,0.25,manifestos,Filtered
1.1,0.8481690006485976,0.5,manifestos,Filtered
1.1,0.8478807636875827,0.75,manifestos,Filtered
1.3,0.8128342245989305,0.02,manifestos,Filtered
1.3,0.8263490407465368,0.05,manifestos,Filtered
1.3,0.8288165459401888,0.1,manifestos,Filtered
1.3,0.8064130995875678,0.25,manifestos,Filtered
1.3,0.820286446550118,0.5,manifestos,Filtered
1.3,0.8200231157945497,0.75,manifestos,Filtered
1.5,0.8502673796791445,0.02,manifestos,Filtered
1.5,0.8138321009134406,0.05,manifestos,Filtered
1.5,0.8101757606096001,0.1,manifestos,Filtered
1.5,0.7921255607162743,0.25,manifestos,Filtered
1.5,0.796664154024559,0.5,manifestos,Filtered
1.5,0.8016811507509595,0.75,manifestos,Filtered
1.7,0.8877005347593583,0.02,manifestos,Filtered
1.7,0.7730509197906605,0.05,manifestos,Filtered
1.7,0.8046295826783632,0.1,manifestos,Filtered
1.7,0.8253739092960044,0.25,manifestos,Filtered
1.7,0.8257900872988979,0.5,manifestos,Filtered
1.7,0.8279374538870765,0.75,manifestos,Filtered
1.9,0.8491379310344828,0.02,manifestos,Filtered
1.9,0.7952153110047847,0.05,manifestos,Filtered
1.9,0.7995842923903188,0.1,manifestos,Filtered
1.9,0.8075073623267016,0.25,manifestos,Filtered
1.9,0.8160849525407298,0.5,manifestos,Filtered
1.9,0.8136028006009766,0.75,manifestos,Filtered
2.1,0.775,0.02,manifestos,Filtered
2.1,0.7963148640597527,0.05,manifestos,Filtered
2.1,0.7763807775738362,0.1,manifestos,Filtered
2.1,0.7719503718646209,0.25,manifestos,Filtered
2.1,0.7759497814003038,0.5,manifestos,Filtered
2.1,0.7800131519270217,0.75,manifestos,Filtered
2.3,0.85,0.02,manifestos,Filtered
2.3,0.7610221603434273,0.05,manifestos,Filtered
2.3,0.7922309975914412,0.1,manifestos,Filtered
2.3,0.7895330652028665,0.25,manifestos,Filtered
2.3,0.7877282198332275,0.5,manifestos,Filtered
2.3,0.7848899047612011,0.75,manifestos,Filtered
2.5,0.8125,0.02,manifestos,Filtered
2.5,0.7533986813699749,0.05,manifestos,Filtered
2.5,0.7699724054381479,0.1,manifestos,Filtered
2.5,0.7611846543294875,0.25,manifestos,Filtered
2.5,0.7717136319371114,0.5,manifestos,Filtered
2.5,0.777673161579655,0.75,manifestos,Filtered
2.7,0.8097826086956521,0.02,manifestos,Filtered
2.7,0.7822027523341741,0.05,manifestos,Filtered
2.7,0.7922680383768097,0.1,manifestos,Filtered
2.7,0.7907791719558637,0.25,manifestos,Filtered
2.7,0.78260637831302,0.5,manifestos,Filtered
2.7,0.7882024404951394,0.75,manifestos,Filtered
2.9,0.5936883629191321,0.02,manifestos,Filtered
2.9,0.7152593714502082,0.05,manifestos,Filtered
2.9,0.7377095304322367,0.1,manifestos,Filtered
2.9,0.720154294858429,0.25,manifestos,Filtered
2.9,0.726640375600814,0.5,manifestos,Filtered
2.9,0.7262234011542517,0.75,manifestos,Filtered
3.1,0.849624060150376,0.02,manifestos,Filtered
3.1,0.773720792664892,0.05,manifestos,Filtered
3.1,0.7786247035759707,0.1,manifestos,Filtered
3.1,0.7554298293158369,0.25,manifestos,Filtered
3.1,0.7755115981129759,0.5,manifestos,Filtered
3.1,0.7816301766005291,0.75,manifestos,Filtered
3.3,0.7566889632107023,0.02,manifestos,Filtered
3.3,0.6877574023496771,0.05,manifestos,Filtered
3.3,0.6996347318785711,0.1,manifestos,Filtered
3.3,0.6818592716298741,0.25,manifestos,Filtered
3.3,0.685483964708263,0.5,manifestos,Filtered
3.3,0.6894012039454092,0.75,manifestos,Filtered
3.5,0.6213235294117647,0.02,manifestos,Filtered
3.5,0.7029296875,0.05,manifestos,Filtered
3.5,0.7168984327332004,0.1,manifestos,Filtered
3.5,0.7436218548023825,0.25,manifestos,Filtered
3.5,0.7421727216648749,0.5,manifestos,Filtered
3.5,0.743834689972825,0.75,manifestos,Filtered
3.7,0.9252136752136753,0.02,manifestos,Filtered
3.7,0.8387596899224806,0.05,manifestos,Filtered
3.7,0.8297035869290205,0.1,manifestos,Filtered
3.7,0.8185249299344297,0.25,manifestos,Filtered
3.7,0.8205698398475313,0.5,manifestos,Filtered
3.7,0.8252496081846397,0.75,manifestos,Filtered
3.9,0.8875,0.02,manifestos,Filtered
3.9,0.7853186199677236,0.05,manifestos,Filtered
3.9,0.74514190974446,0.1,manifestos,Filtered
3.9,0.7546776725784387,0.25,manifestos,Filtered
3.9,0.7540118542618583,0.5,manifestos,Filtered
3.9,0.7592587183468303,0.75,manifestos,Filtered
4.1,0.7626728110599078,0.02,manifestos,Filtered
4.1,0.7360418151579948,0.05,manifestos,Filtered
4.1,0.7403356533791317,0.1,manifestos,Filtered
4.1,0.7054494502498523,0.25,manifestos,Filtered
4.1,0.716897494505603,0.5,manifestos,Filtered
4.1,0.7118655194125487,0.75,manifestos,Filtered
4.3,0.8329156223893066,0.02,manifestos,Filtered
4.3,0.7840755735492577,0.05,manifestos,Filtered
4.3,0.7629171495612987,0.1,manifestos,Filtered
4.3,0.7602517283787821,0.25,manifestos,Filtered
4.3,0.762339288833112,0.5,manifestos,Filtered
4.3,0.7586961074031867,0.75,manifestos,Filtered
4.5,0.8381410256410257,0.02,manifestos,Filtered
4.5,0.5906725874094507,0.05,manifestos,Filtered
4.5,0.6189472677885226,0.1,manifestos,Filtered
4.5,0.5941123201176495,0.25,manifestos,Filtered
4.5,0.589396609464108,0.5,manifestos,Filtered
4.5,0.5905639957225026,0.75,manifestos,Filtered
4.8,0.8039596273291926,0.02,manifestos,Filtered
4.8,0.787321063394683,0.05,manifestos,Filtered
4.8,0.7414572713643178,0.1,manifestos,Filtered
4.8,0.7163536772136583,0.25,manifestos,Filtered
4.8,0.7098283871493456,0.5,manifestos,Filtered
4.8,0.7106063523731956,0.75,manifestos,Filtered
5.0,0.7452830188679245,0.02,manifestos,Filtered
5.0,0.7901148625130525,0.05,manifestos,Filtered
5.0,0.7779880448169175,0.1,manifestos,Filtered
5.0,0.776583485028407,0.25,manifestos,Filtered
5.0,0.7766340680261318,0.5,manifestos,Filtered
5.0,0.7761351154130376,0.75,manifestos,Filtered
0.1,0.9209204342894183,0.02,mii_long,Filtered
0.1,0.9110429799098836,0.05,mii_long,Filtered
0.1,0.9253216011492751,0.1,mii_long,Filtered
0.1,0.9365382301361739,0.25,mii_long,Filtered
0.1,0.9369035933590928,0.5,mii_long,Filtered
0.1,0.9363268164919205,0.75,mii_long,Filtered
0.3,1.0,0.02,mii_long,Filtered
0.3,0.9783425907976029,0.05,mii_long,Filtered
0.3,0.9530491955398324,0.1,mii_long,Filtered
0.3,0.9619822354472689,0.25,mii_long,Filtered
0.3,0.9602146339351214,0.5,mii_long,Filtered
0.3,0.9611773248498235,0.75,mii_long,Filtered
0.5,0.9719231581169516,0.02,mii_long,Filtered
0.5,0.9580452236604948,0.05,mii_long,Filtered
0.5,0.9608036976334798,0.1,mii_long,Filtered
0.5,0.9600641259477015,0.25,mii_long,Filtered
0.5,0.9590485060842456,0.5,mii_long,Filtered
0.5,0.959718316895901,0.75,mii_long,Filtered
0.7,0.9831897457449044,0.02,mii_long,Filtered
0.7,0.9589298095354623,0.05,mii_long,Filtered
0.7,0.9691887783305694,0.1,mii_long,Filtered
0.7,0.960167805285316,0.25,mii_long,Filtered
0.7,0.9607909418108651,0.5,mii_long,Filtered
0.7,0.9603921276771252,0.75,mii_long,Filtered
0.9,0.9521082769390943,0.02,mii_long,Filtered
0.9,0.9699332021139748,0.05,mii_long,Filtered
0.9,0.9694338083395834,0.1,mii_long,Filtered
0.9,0.9671659475161616,0.25,mii_long,Filtered
0.9,0.9656950559748817,0.5,mii_long,Filtered
0.9,0.9648560795242886,0.75,mii_long,Filtered
1.1,0.9152553854491261,0.02,mii_long,Filtered
1.1,0.932584928960262,0.05,mii_long,Filtered
1.1,0.9363498918757632,0.1,mii_long,Filtered
1.1,0.9353637100806744,0.25,mii_long,Filtered
1.1,0.9341411047087661,0.5,mii_long,Filtered
1.1,0.9365201538299026,0.75,mii_long,Filtered
1.3,0.8913500404203719,0.02,mii_long,Filtered
1.3,0.9364377974167233,0.05,mii_long,Filtered
1.3,0.9422043077516447,0.1,mii_long,Filtered
1.3,0.9476672532545534,0.25,mii_long,Filtered
1.3,0.9488048654677793,0.5,mii_long,Filtered
1.3,0.9514371527481672,0.75,mii_long,Filtered
1.5,1.0,0.02,mii_long,Filtered
1.5,0.9068576207401212,0.05,mii_long,Filtered
1.5,0.8996949767771596,0.1,mii_long,Filtered
1.5,0.8988533986482279,0.25,mii_long,Filtered
1.5,0.8940957763022347,0.5,mii_long,Filtered
1.5,0.8940564307083928,0.75,mii_long,Filtered
1.7,0.9460269865067467,0.02,mii_long,Filtered
1.7,0.9292707170022758,0.05,mii_long,Filtered
1.7,0.9289909966088125,0.1,mii_long,Filtered
1.7,0.9254650020627877,0.25,mii_long,Filtered
1.7,0.9305978032080962,0.5,mii_long,Filtered
1.7,0.9302480060319259,0.75,mii_long,Filtered
1.9,0.9118187385180649,0.02,mii_long,Filtered
1.9,0.894510528853882,0.05,mii_long,Filtered
1.9,0.9016941527013902,0.1,mii_long,Filtered
1.9,0.9119084024387081,0.25,mii_long,Filtered
1.9,0.9107080836755951,0.5,mii_long,Filtered
1.9,0.9085148543162151,0.75,mii_long,Filtered
2.1,0.9504476368936081,0.02,mii_long,Filtered
2.1,0.9431988732134199,0.05,mii_long,Filtered
2.1,0.9480416265461817,0.1,mii_long,Filtered
2.1,0.947603197537953,0.25,mii_long,Filtered
2.1,0.9458343868518734,0.5,mii_long,Filtered
2.1,0.947700620038457,0.75,mii_long,Filtered
2.3,1.0,0.02,mii_long,Filtered
2.3,0.9733581164807931,0.05,mii_long,Filtered
2.3,0.9384295803905276,0.1,mii_long,Filtered
2.3,0.9595052615596641,0.25,mii_long,Filtered
2.3,0.963100588805858,0.5,mii_long,Filtered
2.3,0.9613002379715125,0.75,mii_long,Filtered
2.5,0.7619047619047619,0.02,mii_long,Filtered
2.5,0.9267605633802817,0.05,mii_long,Filtered
2.5,0.9346037245560849,0.1,mii_long,Filtered
2.5,0.9567196857492434,0.25,mii_long,Filtered
2.5,0.9622958639016966,0.5,mii_long,Filtered
2.5,0.9561832177755544,0.75,mii_long,Filtered
2.7,1.0,0.05,mii_long,Filtered
2.7,0.9615170105967652,0.1,mii_long,Filtered
2.7,0.9188758070641854,0.25,mii_long,Filtered
2.7,0.907000092106475,0.5,mii_long,Filtered
2.7,0.9231979574872343,0.75,mii_long,Filtered
2.9,0.9557829344052622,0.02,mii_long,Filtered
2.9,0.9490699177649298,0.05,mii_long,Filtered
2.9,0.9471174125862327,0.1,mii_long,Filtered
2.9,0.9444853711272266,0.25,mii_long,Filtered
2.9,0.9418734613259514,0.5,mii_long,Filtered
2.9,0.9411792518723058,0.75,mii_long,Filtered
3.1,1.0,0.02,mii_long,Filtered
3.1,1.0,0.05,mii_long,Filtered
3.1,0.9796246648793566,0.1,mii_long,Filtered
3.1,0.9542465902298538,0.25,mii_long,Filtered
3.1,0.9621453666276303,0.5,mii_long,Filtered
3.1,0.9648387449387694,0.75,mii_long,Filtered
3.3,0.9032258064516129,0.02,mii_long,Filtered
3.3,0.9212182984591403,0.05,mii_long,Filtered
3.3,0.9224918686547128,0.1,mii_long,Filtered
3.3,0.9233322293793441,0.25,mii_long,Filtered
3.3,0.9270766964125159,0.5,mii_long,Filtered
3.3,0.923962326467248,0.75,mii_long,Filtered
3.5,1.0,0.02,mii_long,Filtered
3.5,1.0,0.05,mii_long,Filtered
3.5,1.0,0.1,mii_long,Filtered
3.5,0.975105140726819,0.25,mii_long,Filtered
3.5,0.965520232958146,0.5,mii_long,Filtered
3.5,0.9677817888464104,0.75,mii_long,Filtered
3.7,0.8859416445623343,0.05,mii_long,Filtered
3.7,0.940552348260259,0.1,mii_long,Filtered
3.7,0.8931213085376781,0.25,mii_long,Filtered
3.7,0.9035707658275511,0.5,mii_long,Filtered
3.7,0.91187832020636,0.75,mii_long,Filtered
3.9,1.0,0.02,mii_long,Filtered
3.9,1.0,0.05,mii_long,Filtered
3.9,1.0,0.1,mii_long,Filtered
3.9,0.98630045106226,0.25,mii_long,Filtered
3.9,0.983857842064191,0.5,mii_long,Filtered
3.9,0.9803815433754463,0.75,mii_long,Filtered
4.1,0.8522216674987518,0.02,mii_long,Filtered
4.1,0.9013511012400518,0.05,mii_long,Filtered
4.1,0.8838982080196587,0.1,mii_long,Filtered
4.1,0.8780280230409925,0.25,mii_long,Filtered
4.1,0.877818265715698,0.5,mii_long,Filtered
4.1,0.8698861164749035,0.75,mii_long,Filtered
4.3,0.9224598930481284,0.02,mii_long,Filtered
4.3,0.7672380952380953,0.05,mii_long,Filtered
4.3,0.7777533765235534,0.1,mii_long,Filtered
4.3,0.7559892480079802,0.25,mii_long,Filtered
4.3,0.7548754710056013,0.5,mii_long,Filtered
4.3,0.7374947639245273,0.75,mii_long,Filtered
4.5,1.0,0.02,mii_long,Filtered
4.5,1.0,0.05,mii_long,Filtered
4.5,1.0,0.1,mii_long,Filtered
4.5,0.9675211164157179,0.25,mii_long,Filtered
4.5,0.969834105071804,0.5,mii_long,Filtered
4.5,0.966315119962387,0.75,mii_long,Filtered
4.8,1.0,0.05,mii_long,Filtered
4.8,1.0,0.1,mii_long,Filtered
4.8,0.971,0.25,mii_long,Filtered
4.8,0.907413379196675,0.5,mii_long,Filtered
4.8,0.901689442645369,0.75,mii_long,Filtered
5.0,0.0,0.02,mii_long,Filtered
5.0,0.8426966292134832,0.05,mii_long,Filtered
5.0,0.8854368932038835,0.1,mii_long,Filtered
5.0,0.9127242645157955,0.25,mii_long,Filtered
5.0,0.9339233424397585,0.5,mii_long,Filtered
5.0,0.9347518481271724,0.75,mii_long,Filtered
0.1,0.9003767266638761,0.02,mii,Filtered
0.1,0.9594105480868667,0.05,mii,Filtered
0.1,0.9601094644847334,0.1,mii,Filtered
0.1,0.9753091574581321,0.25,mii,Filtered
0.1,0.9753420436318384,0.5,mii,Filtered
0.1,0.9763641600835167,0.75,mii,Filtered
0.3,0.9609621451104101,0.02,mii,Filtered
0.3,0.9509352742102207,0.05,mii,Filtered
0.3,0.9585796627171741,0.1,mii,Filtered
0.3,0.9574497375093031,0.25,mii,Filtered
0.3,0.956173117065919,0.5,mii,Filtered
0.3,0.9552851161168211,0.75,mii,Filtered
0.5,0.9733487833140209,0.02,mii,Filtered
0.5,0.9461134757634613,0.05,mii,Filtered
0.5,0.9680999102131826,0.1,mii,Filtered
0.5,0.9613170162061573,0.25,mii,Filtered
0.5,0.9602633418253098,0.5,mii,Filtered
0.5,0.959347252179707,0.75,mii,Filtered
0.7,0.9714952060119202,0.02,mii,Filtered
0.7,0.9637480373141221,0.05,mii,Filtered
0.7,0.9602695280950733,0.1,mii,Filtered
0.7,0.9649071510975011,0.25,mii,Filtered
0.7,0.9670921447414617,0.5,mii,Filtered
0.7,0.9639607672672117,0.75,mii,Filtered
0.9,0.9740978525570069,0.02,mii,Filtered
0.9,0.9666870778329987,0.05,mii,Filtered
0.9,0.9547835739540504,0.1,mii,Filtered
0.9,0.9661608975581341,0.25,mii,Filtered
0.9,0.9626369215917749,0.5,mii,Filtered
0.9,0.963059893880267,0.75,mii,Filtered
1.1,0.9320882852292021,0.02,mii,Filtered
1.1,0.9388552223505444,0.05,mii,Filtered
1.1,0.9525860854954863,0.1,mii,Filtered
1.1,0.9558836845432237,0.25,mii,Filtered
1.1,0.9587472990191984,0.5,mii,Filtered
1.1,0.958150636883354,0.75,mii,Filtered
1.3,0.9483110405803673,0.02,mii,Filtered
1.3,0.9657820424158599,0.05,mii,Filtered
1.3,0.9515870656505966,0.1,mii,Filtered
1.3,0.9576097083110612,0.25,mii,Filtered
1.3,0.9543929446733377,0.5,mii,Filtered
1.3,0.9565218479890385,0.75,mii,Filtered
1.5,0.9238653001464129,0.02,mii,Filtered
1.5,0.9271661783172875,0.05,mii,Filtered
1.5,0.9225072638367231,0.1,mii,Filtered
1.5,0.923151506792635,0.25,mii,Filtered
1.5,0.9298767014099357,0.5,mii,Filtered
1.5,0.9220325597644197,0.75,mii,Filtered
1.7,1.0,0.02,mii,Filtered
1.7,0.9607582518434128,0.05,mii,Filtered
1.7,0.9490376670576475,0.1,mii,Filtered
1.7,0.9396357198612357,0.25,mii,Filtered
1.7,0.9402980812104551,0.5,mii,Filtered
1.7,0.9372461215883701,0.75,mii,Filtered
1.9,0.8998232174425457,0.02,mii,Filtered
1.9,0.9546907702569056,0.05,mii,Filtered
1.9,0.9530697524911604,0.1,mii,Filtered
1.9,0.9608708544237937,0.25,mii,Filtered
1.9,0.9566285461882142,0.5,mii,Filtered
1.9,0.9577968686612044,0.75,mii,Filtered
2.1,1.0,0.02,mii,Filtered
2.1,1.0,0.05,mii,Filtered
2.1,0.960854361116003,0.1,mii,Filtered
2.1,0.9517723401734827,0.25,mii,Filtered
2.1,0.9415934227381889,0.5,mii,Filtered
2.1,0.9365447049434751,0.75,mii,Filtered
2.3,0.9045161290322581,0.02,mii,Filtered
2.3,0.958461444482906,0.05,mii,Filtered
2.3,0.9458857313993752,0.1,mii,Filtered
2.3,0.9522908461189191,0.25,mii,Filtered
2.3,0.9526892534751472,0.5,mii,Filtered
2.3,0.9546064088670835,0.75,mii,Filtered
2.5,1.0,0.02,mii,Filtered
2.5,0.9728365848947267,0.05,mii,Filtered
2.5,0.9456617730309091,0.1,mii,Filtered
2.5,0.954512955756774,0.25,mii,Filtered
2.5,0.9470480213853442,0.5,mii,Filtered
2.5,0.9455363226464967,0.75,mii,Filtered
2.7,0.9719767735420348,0.02,mii,Filtered
2.7,0.9795337274343446,0.05,mii,Filtered
2.7,0.9652175140047129,0.1,mii,Filtered
2.7,0.9704840906642068,0.25,mii,Filtered
2.7,0.9735065266439886,0.5,mii,Filtered
2.7,0.97395927476517,0.75,mii,Filtered
2.9,1.0,0.02,mii,Filtered
2.9,1.0,0.05,mii,Filtered
2.9,0.9942966260947084,0.1,mii,Filtered
2.9,0.9840002681144849,0.25,mii,Filtered
2.9,0.9782994497999473,0.5,mii,Filtered
2.9,0.9788670590484538,0.75,mii,Filtered
3.1,0.968905061197486,0.02,mii,Filtered
3.1,0.9780414553690119,0.05,mii,Filtered
3.1,0.9803566068683659,0.1,mii,Filtered
3.1,0.9777163960178716,0.25,mii,Filtered
3.1,0.97371400719096,0.5,mii,Filtered
3.1,0.9747644749612603,0.75,mii,Filtered
3.3,1.0,0.05,mii,Filtered
3.3,1.0,0.1,mii,Filtered
3.3,1.0,0.25,mii,Filtered
3.3,1.0,0.5,mii,Filtered
3.3,1.0,0.75,mii,Filtered
3.5,1.0,0.02,mii,Filtered
3.5,0.9865618848880404,0.05,mii,Filtered
3.5,0.9735017315135466,0.1,mii,Filtered
3.5,0.9788901653306875,0.25,mii,Filtered
3.5,0.9782257895954677,0.5,mii,Filtered
3.5,0.9771428000675806,0.75,mii,Filtered
3.7,0.947804473902237,0.02,mii,Filtered
3.7,0.9485726280436608,0.05,mii,Filtered
3.7,0.9639746593404285,0.1,mii,Filtered
3.7,0.976213238977421,0.25,mii,Filtered
3.7,0.9774825496943204,0.5,mii,Filtered
3.7,0.9756986902850067,0.75,mii,Filtered
3.9,1.0,0.02,mii,Filtered
3.9,1.0,0.05,mii,Filtered
3.9,0.9741784037558685,0.1,mii,Filtered
3.9,0.9523644824550371,0.25,mii,Filtered
3.9,0.9547015496460685,0.5,mii,Filtered
3.9,0.9554174949868808,0.75,mii,Filtered
4.1,0.9213709677419355,0.05,mii,Filtered
4.1,0.9736995908825249,0.1,mii,Filtered
4.1,0.9890207715133531,0.25,mii,Filtered
4.1,0.9889164443610333,0.5,mii,Filtered
4.1,0.9874652936895166,0.75,mii,Filtered
4.3,1.0,0.02,mii,Filtered
4.3,1.0,0.05,mii,Filtered
4.3,1.0,0.1,mii,Filtered
4.3,0.9055672385168788,0.25,mii,Filtered
4.3,0.8510848762445433,0.5,mii,Filtered
4.3,0.8405566545394182,0.75,mii,Filtered
4.5,1.0,0.05,mii,Filtered
4.5,0.8403361344537815,0.1,mii,Filtered
4.5,0.9592760180995475,0.25,mii,Filtered
4.5,0.9673068059609771,0.5,mii,Filtered
4.5,0.9676419298585546,0.75,mii,Filtered
4.8,1.0,0.02,mii,Filtered
4.8,0.9796487030607184,0.05,mii,Filtered
4.8,0.973777587415436,0.1,mii,Filtered
4.8,0.974620468657494,0.25,mii,Filtered
4.8,0.9756863776663708,0.5,mii,Filtered
4.8,0.9740062073590413,0.75,mii,Filtered
5.0,1.0,0.02,mii,Filtered
5.0,1.0,0.05,mii,Filtered
5.0,1.0,0.1,mii,Filtered
5.0,1.0,0.25,mii,Filtered
5.0,1.0,0.5,mii,Filtered
5.0,1.0,0.75,mii,Filtered
0.1,1.0,0.02,news_short,Filtered
0.1,0.6152810501514642,0.05,news_short,Filtered
0.1,0.6099108027750249,0.1,news_short,Filtered
0.1,0.5433722509773894,0.25,news_short,Filtered
0.1,0.5612546057058296,0.5,news_short,Filtered
0.1,0.5549655340635617,0.75,news_short,Filtered
0.3,0.8198757763975155,0.02,news_short,Filtered
0.3,0.6484158720393725,0.05,news_short,Filtered
0.3,0.5673416067929458,0.1,news_short,Filtered
0.3,0.5034413612340174,0.25,news_short,Filtered
0.3,0.5395586574766756,0.5,news_short,Filtered
0.3,0.5304453840066863,0.75,news_short,Filtered
0.5,0.7803030303030303,0.02,news_short,Filtered
0.5,0.8621528557526761,0.05,news_short,Filtered
0.5,0.8885262885262886,0.1,news_short,Filtered
0.5,0.8476783808900974,0.25,news_short,Filtered
0.5,0.8549034994301515,0.5,news_short,Filtered
0.5,0.8631672318830123,0.75,news_short,Filtered
0.7,1.0,0.02,news_short,Filtered
0.7,0.8485144220342659,0.05,news_short,Filtered
0.7,0.7902785363189514,0.1,news_short,Filtered
0.7,0.7852903655818421,0.25,news_short,Filtered
0.7,0.7936796194032136,0.5,news_short,Filtered
0.7,0.7937700453394106,0.75,news_short,Filtered
0.9,0.6765799256505576,0.02,news_short,Filtered
0.9,0.680723744777282,0.05,news_short,Filtered
0.9,0.7709396083593878,0.1,news_short,Filtered
0.9,0.7806287381678353,0.25,news_short,Filtered
0.9,0.7793271313877916,0.5,news_short,Filtered
0.9,0.7863531697256787,0.75,news_short,Filtered
1.1,0.8871595330739299,0.02,news_short,Filtered
1.1,0.7962878093492209,0.05,news_short,Filtered
1.1,0.8320082958866228,0.1,news_short,Filtered
1.1,0.7929144249932734,0.25,news_short,Filtered
1.1,0.7885469567556697,0.5,news_short,Filtered
1.1,0.7919006071199338,0.75,news_short,Filtered
1.3,1.0,0.02,news_short,Filtered
1.3,0.8500590318772137,0.05,news_short,Filtered
1.3,0.8608573436401967,0.1,news_short,Filtered
1.3,0.7684486833138033,0.25,news_short,Filtered
1.3,0.7719060751772387,0.5,news_short,Filtered
1.3,0.77735675182219,0.75,news_short,Filtered
1.5,0.5178571428571429,0.02,news_short,Filtered
1.5,0.5031757233592096,0.05,news_short,Filtered
1.5,0.6568094950714143,0.1,news_short,Filtered
1.5,0.6693932324855929,0.25,news_short,Filtered
1.5,0.6822112387396901,0.5,news_short,Filtered
1.5,0.6806261710952214,0.75,news_short,Filtered
1.7,0.5390334572490707,0.02,news_short,Filtered
1.7,0.6247482658312822,0.05,news_short,Filtered
1.7,0.6235138267925153,0.1,news_short,Filtered
1.7,0.6328839750428346,0.25,news_short,Filtered
1.7,0.6571129422843365,0.5,news_short,Filtered
1.7,0.6725509580511821,0.75,news_short,Filtered
1.9,1.0,0.02,news_short,Filtered
1.9,0.7265877287405813,0.05,news_short,Filtered
1.9,0.7946673311736856,0.1,news_short,Filtered
1.9,0.7361602511633634,0.25,news_short,Filtered
1.9,0.7482318745924224,0.5,news_short,Filtered
1.9,0.7553353923229958,0.75,news_short,Filtered
2.1,0.5396825396825398,0.02,news_short,Filtered
2.1,0.6308934337997847,0.05,news_short,Filtered
2.1,0.6670377665496274,0.1,news_short,Filtered
2.1,0.6955826012878896,0.25,news_short,Filtered
2.1,0.718054671613294,0.5,news_short,Filtered
2.1,0.7209957629426308,0.75,news_short,Filtered
2.3,0.21011673151750976,0.02,news_short,Filtered
2.3,0.33709638261714003,0.05,news_short,Filtered
2.3,0.5209443748882131,0.1,news_short,Filtered
2.3,0.4970390902244781,0.25,news_short,Filtered
2.3,0.5120423920820416,0.5,news_short,Filtered
2.3,0.5198760340361546,0.75,news_short,Filtered
2.5,0.5842293906810037,0.02,news_short,Filtered
2.5,0.5918148703664023,0.05,news_short,Filtered
2.5,0.6533886354209871,0.1,news_short,Filtered
2.5,0.5433315755531971,0.25,news_short,Filtered
2.5,0.5538904467563133,0.5,news_short,Filtered
2.5,0.5389336102421349,0.75,news_short,Filtered
2.7,0.8871595330739299,0.02,news_short,Filtered
2.7,0.7002949852507375,0.05,news_short,Filtered
2.7,0.7367540435025097,0.1,news_short,Filtered
2.7,0.7637329356220035,0.25,news_short,Filtered
2.7,0.7601851255834229,0.5,news_short,Filtered
2.7,0.7597230560948214,0.75,news_short,Filtered
2.9,0.7661290322580645,0.02,news_short,Filtered
2.9,0.6757948479925737,0.05,news_short,Filtered
2.9,0.6934156378600822,0.1,news_short,Filtered
2.9,0.6788547114316955,0.25,news_short,Filtered
2.9,0.6783975849062918,0.5,news_short,Filtered
2.9,0.6960237355024627,0.75,news_short,Filtered
3.1,0.2603550295857988,0.02,news_short,Filtered
3.1,0.46060898985016907,0.05,news_short,Filtered
3.1,0.47786582607299755,0.1,news_short,Filtered
3.1,0.49617464860524396,0.25,news_short,Filtered
3.1,0.46684334900922664,0.5,news_short,Filtered
3.1,0.4881234715530183,0.75,news_short,Filtered
3.3,0.3125,0.02,news_short,Filtered
3.3,0.31362889983579645,0.05,news_short,Filtered
3.3,0.16232021495179383,0.1,news_short,Filtered
3.3,0.08502682029084685,0.25,news_short,Filtered
3.3,0.10396191931093957,0.5,news_short,Filtered
3.3,0.09935690479952586,0.75,news_short,Filtered
3.5,1.0,0.02,news_short,Filtered
3.5,0.7904834996162702,0.05,news_short,Filtered
3.5,0.7267649985888923,0.1,news_short,Filtered
3.5,0.6759841773594231,0.25,news_short,Filtered
3.5,0.6514855917770277,0.5,news_short,Filtered
3.5,0.6399348288831671,0.75,news_short,Filtered
3.7,0.7803030303030303,0.02,news_short,Filtered
3.7,0.769927536231884,0.05,news_short,Filtered
3.7,0.8535830898779859,0.1,news_short,Filtered
3.7,0.7665862745988966,0.25,news_short,Filtered
3.7,0.742622658634861,0.5,news_short,Filtered
3.7,0.7460900371179796,0.75,news_short,Filtered
3.9,0.625,0.02,news_short,Filtered
3.9,0.36254422776269224,0.05,news_short,Filtered
3.9,0.5043459729570842,0.1,news_short,Filtered
3.9,0.5672643329381268,0.25,news_short,Filtered
3.9,0.5771972630888179,0.5,news_short,Filtered
3.9,0.5842792440730273,0.75,news_short,Filtered
4.1,0.8888888888888888,0.02,news_short,Filtered
4.1,0.7764576457645764,0.05,news_short,Filtered
4.1,0.754374380983823,0.1,news_short,Filtered
4.1,0.6566484603069969,0.25,news_short,Filtered
4.1,0.6668658306190205,0.5,news_short,Filtered
4.1,0.672847896068434,0.75,news_short,Filtered
4.3,-0.04819277108433728,0.02,news_short,Filtered
4.3,0.20219866509619155,0.05,news_short,Filtered
4.3,0.16123616940099206,0.1,news_short,Filtered
4.3,0.13106209012652492,0.25,news_short,Filtered
4.3,0.1519528876911429,0.5,news_short,Filtered
4.3,0.14632268208044075,0.75,news_short,Filtered
4.5,0.2857142857142857,0.02,news_short,Filtered
4.5,0.39710610932475876,0.05,news_short,Filtered
4.5,0.41297513716573575,0.1,news_short,Filtered
4.5,0.4422521758854314,0.25,news_short,Filtered
4.5,0.4264101760947856,0.5,news_short,Filtered
4.5,0.42333632277176547,0.75,news_short,Filtered
4.8,-0.07407407407407396,0.02,news_short,Filtered
4.8,0.38812898947193897,0.05,news_short,Filtered
4.8,0.4418890449438204,0.1,news_short,Filtered
4.8,0.43332609327145144,0.25,news_short,Filtered
4.8,0.4462435523516385,0.5,news_short,Filtered
4.8,0.4542474891516475,0.75,news_short,Filtered
5.0,1.0,0.02,news_short,Filtered
5.0,0.9419030192131748,0.05,news_short,Filtered
5.0,0.8683270922232866,0.1,news_short,Filtered
5.0,0.8049209195107896,0.25,news_short,Filtered
5.0,0.8003263633014496,0.5,news_short,Filtered
5.0,0.8119105115446548,0.75,news_short,Filtered
0.1,0.31313131313131326,0.02,news,Filtered
0.1,0.4327583304538891,0.05,news,Filtered
0.1,0.4251068401164476,0.1,news,Filtered
0.1,0.39435598833006413,0.25,news,Filtered
0.1,0.3992055185243262,0.5,news,Filtered
0.1,0.4138884705776922,0.75,news,Filtered
0.3,0.5349940688018979,0.02,news,Filtered
0.3,0.3965746065853504,0.05,news,Filtered
0.3,0.42008141933986776,0.1,news,Filtered
0.3,0.405029198218674,0.25,news,Filtered
0.3,0.38911528892014924,0.5,news,Filtered
0.3,0.3854373359989782,0.75,news,Filtered
0.5,0.857736240913811,0.02,news,Filtered
0.5,0.8463177713180299,0.05,news,Filtered
0.5,0.8080177315973764,0.1,news,Filtered
0.5,0.8086819622445778,0.25,news,Filtered
0.5,0.80849359555373,0.5,news,Filtered
0.5,0.8151886876092561,0.75,news,Filtered
0.7,0.7158074137196422,0.02,news,Filtered
0.7,0.6847524310949997,0.05,news,Filtered
0.7,0.7184446586312083,0.1,news,Filtered
0.7,0.7489119322393574,0.25,news,Filtered
0.7,0.7439680891836479,0.5,news,Filtered
0.7,0.7311464597363186,0.75,news,Filtered
0.9,0.8600855033035367,0.02,news,Filtered
0.9,0.8495325801642846,0.05,news,Filtered
0.9,0.8440171165935866,0.1,news,Filtered
0.9,0.8456639197060516,0.25,news,Filtered
0.9,0.8421492661705073,0.5,news,Filtered
0.9,0.8398245364708692,0.75,news,Filtered
1.1,0.7555739058629232,0.02,news,Filtered
1.1,0.6362076050958494,0.05,news,Filtered
1.1,0.6468780844331488,0.1,news,Filtered
1.1,0.6299819641696266,0.25,news,Filtered
1.1,0.647029845590378,0.5,news,Filtered
1.1,0.6383940784441944,0.75,news,Filtered
1.3,0.8511358144030933,0.02,news,Filtered
1.3,0.7304357260931447,0.05,news,Filtered
1.3,0.699804010779407,0.1,news,Filtered
1.3,0.7139040115391,0.25,news,Filtered
1.3,0.7189861011700093,0.5,news,Filtered
1.3,0.7155052611836824,0.75,news,Filtered
1.5,0.6598832623442183,0.02,news,Filtered
1.5,0.6890235408831313,0.05,news,Filtered
1.5,0.6624661246612465,0.1,news,Filtered
1.5,0.6251221461227796,0.25,news,Filtered
1.5,0.6245598090632166,0.5,news,Filtered
1.5,0.6252656114372115,0.75,news,Filtered
1.7,0.693327807708247,0.02,news,Filtered
1.7,0.7133266066438995,0.05,news,Filtered
1.7,0.7436603037480842,0.1,news,Filtered
1.7,0.7357308123841915,0.25,news,Filtered
1.7,0.72726049343377,0.5,news,Filtered
1.7,0.7243260182409362,0.75,news,Filtered
1.9,0.5915570175438597,0.02,news,Filtered
1.9,0.5723779673805793,0.05,news,Filtered
1.9,0.623674984429309,0.1,news,Filtered
1.9,0.6197313611750203,0.25,news,Filtered
1.9,0.621612825515427,0.5,news,Filtered
1.9,0.6186021147029435,0.75,news,Filtered
2.1,0.6892222743136949,0.02,news,Filtered
2.1,0.718601359273275,0.05,news,Filtered
2.1,0.6825042421508841,0.1,news,Filtered
2.1,0.6574637147764377,0.25,news,Filtered
2.1,0.6575051817811317,0.5,news,Filtered
2.1,0.6508271335471256,0.75,news,Filtered
2.3,0.7875816993464052,0.02,news,Filtered
2.3,0.7028010185522009,0.05,news,Filtered
2.3,0.6742177267229439,0.1,news,Filtered
2.3,0.6672182831629598,0.25,news,Filtered
2.3,0.6573108178782636,0.5,news,Filtered
2.3,0.65451198938949,0.75,news,Filtered
2.5,0.8996212121212122,0.02,news,Filtered
2.5,0.7901748237071861,0.05,news,Filtered
2.5,0.7937160319995648,0.1,news,Filtered
2.5,0.7987838225753935,0.25,news,Filtered
2.5,0.8081714345774799,0.5,news,Filtered
2.5,0.8111022361330791,0.75,news,Filtered
2.7,0.5445758799769187,0.02,news,Filtered
2.7,0.6658438853070043,0.05,news,Filtered
2.7,0.6369406129964826,0.1,news,Filtered
2.7,0.6517008158621755,0.25,news,Filtered
2.7,0.6432502463787405,0.5,news,Filtered
2.7,0.6405157382834092,0.75,news,Filtered
2.9,0.7354497354497355,0.02,news,Filtered
2.9,0.6806371297242084,0.05,news,Filtered
2.9,0.7110729614891023,0.1,news,Filtered
2.9,0.7231577299842965,0.25,news,Filtered
2.9,0.7191270370683593,0.5,news,Filtered
2.9,0.7212051777253135,0.75,news,Filtered
3.1,0.36544421487603296,0.02,news,Filtered
3.1,0.3938815204906486,0.05,news,Filtered
3.1,0.3887477685027271,0.1,news,Filtered
3.1,0.3698145517267736,0.25,news,Filtered
3.1,0.3719970545715613,0.5,news,Filtered
3.1,0.36867049230885063,0.75,news,Filtered
3.3,0.7807034403228906,0.02,news,Filtered
3.3,0.7124546580553835,0.05,news,Filtered
3.3,0.6745450052233692,0.1,news,Filtered
3.3,0.6745873476707578,0.25,news,Filtered
3.3,0.6958468410076638,0.5,news,Filtered
3.3,0.6879645072153355,0.75,news,Filtered
3.5,0.6749287749287749,0.02,news,Filtered
3.5,0.7064009716162116,0.05,news,Filtered
3.5,0.6720136447384456,0.1,news,Filtered
3.5,0.6486548500036393,0.25,news,Filtered
3.5,0.6496393936215983,0.5,news,Filtered
3.5,0.6482263828320405,0.75,news,Filtered
3.7,0.5362044486512068,0.02,news,Filtered
3.7,0.6271377789982762,0.05,news,Filtered
3.7,0.6457768041588465,0.1,news,Filtered
3.7,0.6332196205925131,0.25,news,Filtered
3.7,0.6066673204430234,0.5,news,Filtered
3.7,0.6075308594746727,0.75,news,Filtered
3.9,0.5938452163315052,0.02,news,Filtered
3.9,0.6259668956016127,0.05,news,Filtered
3.9,0.6365731262537858,0.1,news,Filtered
3.9,0.6525014355458838,0.25,news,Filtered
3.9,0.6509723156742975,0.5,news,Filtered
3.9,0.655339882815219,0.75,news,Filtered
4.1,0.4740790354989953,0.02,news,Filtered
4.1,0.5340325261248682,0.05,news,Filtered
4.1,0.5165587593490385,0.1,news,Filtered
4.1,0.5069509353905264,0.25,news,Filtered
4.1,0.5080314297819029,0.5,news,Filtered
4.1,0.5068818169675166,0.75,news,Filtered
4.3,0.6120033812341504,0.02,news,Filtered
4.3,0.6944167619527172,0.05,news,Filtered
4.3,0.7098201752010898,0.1,news,Filtered
4.3,0.698318923909798,0.25,news,Filtered
4.3,0.6892363177241428,0.5,news,Filtered
4.3,0.6849766525187945,0.75,news,Filtered
4.5,0.4261790840738209,0.02,news,Filtered
4.5,0.34173953263000245,0.05,news,Filtered
4.5,0.3608877750592011,0.1,news,Filtered
4.5,0.40144016455530007,0.25,news,Filtered
4.5,0.4080908511797713,0.5,news,Filtered
4.5,0.4044058344403917,0.75,news,Filtered
4.8,0.09398280802292258,0.02,news,Filtered
4.8,0.2194799955993988,0.05,news,Filtered
4.8,0.26875704014907864,0.1,news,Filtered
4.8,0.22357525300335046,0.25,news,Filtered
4.8,0.22902026365606454,0.5,news,Filtered
4.8,0.2264533427317964,0.75,news,Filtered
5.0,0.20315865039483127,0.02,news,Filtered
5.0,0.08782148872169382,0.05,news,Filtered
5.0,0.11792255342091917,0.1,news,Filtered
5.0,0.1433398355664668,0.25,news,Filtered
5.0,0.1564921336121815,0.5,news,Filtered
5.0,0.1638237178766574,0.75,news,Filtered
0.1,0.6886446886446886,0.02,stance_long,Filtered
0.1,0.6948855674918262,0.05,stance_long,Filtered
0.1,0.7419772545148673,0.1,stance_long,Filtered
0.1,0.73623797819191,0.25,stance_long,Filtered
0.1,0.7401605545703583,0.5,stance_long,Filtered
0.1,0.7396028669788837,0.75,stance_long,Filtered
0.3,0.9516994633273703,0.02,stance_long,Filtered
0.3,0.9414802065404475,0.05,stance_long,Filtered
0.3,0.9107003372357891,0.1,stance_long,Filtered
0.3,0.9038101785683164,0.25,stance_long,Filtered
0.3,0.8996928227240564,0.5,stance_long,Filtered
0.3,0.8976171909889356,0.75,stance_long,Filtered
0.5,0.8463611859838275,0.02,stance_long,Filtered
0.5,0.8402526616066426,0.05,stance_long,Filtered
0.5,0.8846099012724097,0.1,stance_long,Filtered
0.5,0.8933248667698126,0.25,stance_long,Filtered
0.5,0.8897588941042076,0.5,stance_long,Filtered
0.5,0.8882023435322598,0.75,stance_long,Filtered
0.7,1.0,0.02,stance_long,Filtered
0.7,0.922690986381948,0.05,stance_long,Filtered
0.7,0.8947802620355999,0.1,stance_long,Filtered
0.7,0.8987441613670596,0.25,stance_long,Filtered
0.7,0.901639701676059,0.5,stance_long,Filtered
0.7,0.8992443311927559,0.75,stance_long,Filtered
0.9,0.9528535980148883,0.02,stance_long,Filtered
0.9,0.8818949858488574,0.05,stance_long,Filtered
0.9,0.909422844137433,0.1,stance_long,Filtered
0.9,0.8994189968860891,0.25,stance_long,Filtered
0.9,0.9063545874173087,0.5,stance_long,Filtered
0.9,0.9085392346315866,0.75,stance_long,Filtered
1.1,0.8409311348205626,0.02,stance_long,Filtered
1.1,0.7364410910709366,0.05,stance_long,Filtered
1.1,0.7385782558594152,0.1,stance_long,Filtered
1.1,0.7274904185913678,0.25,stance_long,Filtered
1.1,0.7347799507867081,0.5,stance_long,Filtered
1.1,0.736999240687383,0.75,stance_long,Filtered
1.3,0.6764295676429568,0.02,stance_long,Filtered
1.3,0.6390815119960331,0.05,stance_long,Filtered
1.3,0.6174095303765503,0.1,stance_long,Filtered
1.3,0.6205704294605108,0.25,stance_long,Filtered
1.3,0.6244000558018026,0.5,stance_long,Filtered
1.3,0.63113349197241,0.75,stance_long,Filtered
1.5,0.6169275929549902,0.02,stance_long,Filtered
1.5,0.5613996961768926,0.05,stance_long,Filtered
1.5,0.5951951358165057,0.1,stance_long,Filtered
1.5,0.6061236373405023,0.25,stance_long,Filtered
1.5,0.6182953243037801,0.5,stance_long,Filtered
1.5,0.6229849056195179,0.75,stance_long,Filtered
1.7,0.4311624072547403,0.02,stance_long,Filtered
1.7,0.6224491280126835,0.05,stance_long,Filtered
1.7,0.5966860273785254,0.1,stance_long,Filtered
1.7,0.5944862791047132,0.25,stance_long,Filtered
1.7,0.583255627098783,0.5,stance_long,Filtered
1.7,0.5825899961325686,0.75,stance_long,Filtered
1.9,0.6662180349932705,0.02,stance_long,Filtered
1.9,0.47038015281577206,0.05,stance_long,Filtered
1.9,0.4746907769723414,0.1,stance_long,Filtered
1.9,0.4867238461923912,0.25,stance_long,Filtered
1.9,0.4746698357828014,0.5,stance_long,Filtered
1.9,0.47736453394509837,0.75,stance_long,Filtered
2.1,0.37585616438356173,0.02,stance_long,Filtered
2.1,0.4842040621375122,0.05,stance_long,Filtered
2.1,0.4292938084510892,0.1,stance_long,Filtered
2.1,0.4356566004120539,0.25,stance_long,Filtered
2.1,0.43397544607911853,0.5,stance_long,Filtered
2.1,0.4303872665136149,0.75,stance_long,Filtered
2.3,0.7045336112558624,0.02,stance_long,Filtered
2.3,0.7352704311075952,0.05,stance_long,Filtered
2.3,0.7206065641042146,0.1,stance_long,Filtered
2.3,0.7084719030834357,0.25,stance_long,Filtered
2.3,0.7039594757720302,0.5,stance_long,Filtered
2.3,0.699211264840117,0.75,stance_long,Filtered
2.5,0.6768468840280644,0.02,stance_long,Filtered
2.5,0.6979941027451306,0.05,stance_long,Filtered
2.5,0.6662373557954914,0.1,stance_long,Filtered
2.5,0.6557398518543829,0.25,stance_long,Filtered
2.5,0.6705581730232838,0.5,stance_long,Filtered
2.5,0.6708061407585859,0.75,stance_long,Filtered
2.7,0.3355704697986578,0.02,stance_long,Filtered
2.7,0.3459998115341123,0.05,stance_long,Filtered
2.7,0.3162777938040535,0.1,stance_long,Filtered
2.7,0.3668979666345157,0.25,stance_long,Filtered
2.7,0.3570919405830324,0.5,stance_long,Filtered
2.7,0.35759414725751537,0.75,stance_long,Filtered
2.9,0.3247567210951675,0.02,stance_long,Filtered
2.9,0.462485313806388,0.05,stance_long,Filtered
2.9,0.45826745207461383,0.1,stance_long,Filtered
2.9,0.49181795636937975,0.25,stance_long,Filtered
2.9,0.5076755546648712,0.5,stance_long,Filtered
2.9,0.502896386534546,0.75,stance_long,Filtered
3.1,0.7584973166368515,0.02,stance_long,Filtered
3.1,0.6200951692867287,0.05,stance_long,Filtered
3.1,0.5823760441145676,0.1,stance_long,Filtered
3.1,0.5806545093608946,0.25,stance_long,Filtered
3.1,0.5658629566004316,0.5,stance_long,Filtered
3.1,0.5659538639355776,0.75,stance_long,Filtered
3.3,0.7253649635036497,0.02,stance_long,Filtered
3.3,0.6009789514309465,0.05,stance_long,Filtered
3.3,0.6131193734364455,0.1,stance_long,Filtered
3.3,0.6459763122662225,0.25,stance_long,Filtered
3.3,0.6552726807313163,0.5,stance_long,Filtered
3.3,0.6592710623728811,0.75,stance_long,Filtered
3.5,0.44329896907216493,0.02,stance_long,Filtered
3.5,0.4466217554091514,0.05,stance_long,Filtered
3.5,0.4321691628717318,0.1,stance_long,Filtered
3.5,0.4200777334061693,0.25,stance_long,Filtered
3.5,0.4225701683458678,0.5,stance_long,Filtered
3.5,0.4237974035212758,0.75,stance_long,Filtered
3.7,0.416030534351145,0.02,stance_long,Filtered
3.7,0.4524427661080954,0.05,stance_long,Filtered
3.7,0.5177139933199483,0.1,stance_long,Filtered
3.7,0.4923862484572471,0.25,stance_long,Filtered
3.7,0.5008471244381214,0.5,stance_long,Filtered
3.7,0.5067679412775117,0.75,stance_long,Filtered
3.9,0.575381679389313,0.02,stance_long,Filtered
3.9,0.4079295017251561,0.05,stance_long,Filtered
3.9,0.38460146986950094,0.1,stance_long,Filtered
3.9,0.3666059445042137,0.25,stance_long,Filtered
3.9,0.3557666591771781,0.5,stance_long,Filtered
3.9,0.35400941921881046,0.75,stance_long,Filtered
4.1,0.6201413427561837,0.02,stance_long,Filtered
4.1,0.5195848595848596,0.05,stance_long,Filtered
4.1,0.5212310874527322,0.1,stance_long,Filtered
4.1,0.5241211939006474,0.25,stance_long,Filtered
4.1,0.5109072739849092,0.5,stance_long,Filtered
4.1,0.5198529825385754,0.75,stance_long,Filtered
4.3,0.7091988130563798,0.02,stance_long,Filtered
4.3,0.6168565923479217,0.05,stance_long,Filtered
4.3,0.571863123500054,0.1,stance_long,Filtered
4.3,0.55774033054684,0.25,stance_long,Filtered
4.3,0.5460035177540075,0.5,stance_long,Filtered
4.3,0.547558107029571,0.75,stance_long,Filtered
4.5,0.4025011579434924,0.02,stance_long,Filtered
4.5,0.36973407056345464,0.05,stance_long,Filtered
4.5,0.38676842435540093,0.1,stance_long,Filtered
4.5,0.3876514408355368,0.25,stance_long,Filtered
4.5,0.3975111187696013,0.5,stance_long,Filtered
4.5,0.3920214990854748,0.75,stance_long,Filtered
4.8,0.4736842105263158,0.02,stance_long,Filtered
4.8,0.26063816465048717,0.05,stance_long,Filtered
4.8,0.2699257309391748,0.1,stance_long,Filtered
4.8,0.2793556072142368,0.25,stance_long,Filtered
4.8,0.28105661400679094,0.5,stance_long,Filtered
4.8,0.2752568321229615,0.75,stance_long,Filtered
5.0,0.3044330149399952,0.02,stance_long,Filtered
5.0,0.4506004587774929,0.05,stance_long,Filtered
5.0,0.4865411238778298,0.1,stance_long,Filtered
5.0,0.48235721701595835,0.25,stance_long,Filtered
5.0,0.4867427192754106,0.5,stance_long,Filtered
5.0,0.49092600065489944,0.75,stance_long,Filtered
0.1,0.7437256981265465,0.02,stance,Filtered
0.1,0.7541289592760181,0.05,stance,Filtered
0.1,0.7942292733112517,0.1,stance,Filtered
0.1,0.8141340071714855,0.25,stance,Filtered
0.1,0.821595727380127,0.5,stance,Filtered
0.1,0.8106850960658066,0.75,stance,Filtered
0.3,0.9162695711368278,0.02,stance,Filtered
0.3,0.8505134983984951,0.05,stance,Filtered
0.3,0.8571205673758865,0.1,stance,Filtered
0.3,0.8686234282752932,0.25,stance,Filtered
0.3,0.8693279264302489,0.5,stance,Filtered
0.3,0.8703036336758844,0.75,stance,Filtered
0.5,1.0,0.02,stance,Filtered
0.5,0.9060241875480788,0.05,stance,Filtered
0.5,0.928574726738729,0.1,stance,Filtered
0.5,0.9379004638899461,0.25,stance,Filtered
0.5,0.9354574429440101,0.5,stance,Filtered
0.5,0.9350846954870572,0.75,stance,Filtered
0.7,0.930286241920591,0.02,stance,Filtered
0.7,0.9160668010365678,0.05,stance,Filtered
0.7,0.9095880887549969,0.1,stance,Filtered
0.7,0.9353145477074616,0.25,stance,Filtered
0.7,0.9317310471052885,0.5,stance,Filtered
0.7,0.9357415833229885,0.75,stance,Filtered
0.9,1.0,0.02,stance,Filtered
0.9,0.8892042271929497,0.05,stance,Filtered
0.9,0.9272780672183063,0.1,stance,Filtered
0.9,0.9301977802407081,0.25,stance,Filtered
0.9,0.9260386785984185,0.5,stance,Filtered
0.9,0.9267906925186786,0.75,stance,Filtered
1.1,0.8503611971104231,0.02,stance,Filtered
1.1,0.8247445096760165,0.05,stance,Filtered
1.1,0.8603907008347893,0.1,stance,Filtered
1.1,0.8750957937434723,0.25,stance,Filtered
1.1,0.8646382824973975,0.5,stance,Filtered
1.1,0.8680203102394664,0.75,stance,Filtered
1.3,0.7315789473684211,0.02,stance,Filtered
1.3,0.7678963110667996,0.05,stance,Filtered
1.3,0.7523594571057508,0.1,stance,Filtered
1.3,0.767518316315298,0.25,stance,Filtered
1.3,0.7713801303668115,0.5,stance,Filtered
1.3,0.7689361646341524,0.75,stance,Filtered
1.5,0.7254114813327981,0.02,stance,Filtered
1.5,0.6836448934752463,0.05,stance,Filtered
1.5,0.6838095146723975,0.1,stance,Filtered
1.5,0.7092389264402454,0.25,stance,Filtered
1.5,0.6999418028433626,0.5,stance,Filtered
1.5,0.7021403126363965,0.75,stance,Filtered
1.7,0.5181335181335182,0.02,stance,Filtered
1.7,0.7028046565083603,0.05,stance,Filtered
1.7,0.7144963144963146,0.1,stance,Filtered
1.7,0.7199188745197699,0.25,stance,Filtered
1.7,0.709961082859214,0.5,stance,Filtered
1.7,0.7164219911925641,0.75,stance,Filtered
1.9,0.38749999999999996,0.02,stance,Filtered
1.9,0.4818593544137023,0.05,stance,Filtered
1.9,0.5336138668430335,0.1,stance,Filtered
1.9,0.5461079814549523,0.25,stance,Filtered
1.9,0.5289735435516135,0.5,stance,Filtered
1.9,0.5298860516329142,0.75,stance,Filtered
2.1,0.4626262626262626,0.02,stance,Filtered
2.1,0.41519932642676716,0.05,stance,Filtered
2.1,0.47896885069817385,0.1,stance,Filtered
2.1,0.4837580462708275,0.25,stance,Filtered
2.1,0.48477993455018176,0.5,stance,Filtered
2.1,0.47318899008776794,0.75,stance,Filtered
2.3,0.766,0.02,stance,Filtered
2.3,0.804911912684252,0.05,stance,Filtered
2.3,0.8120025252780354,0.1,stance,Filtered
2.3,0.8041715583306892,0.25,stance,Filtered
2.3,0.8051983488128018,0.5,stance,Filtered
2.3,0.8052457464444436,0.75,stance,Filtered
2.5,0.6101818181818182,0.02,stance,Filtered
2.5,0.7458887220275506,0.05,stance,Filtered
2.5,0.7446849349271247,0.1,stance,Filtered
2.5,0.7596527035569356,0.25,stance,Filtered
2.5,0.7675525060246853,0.5,stance,Filtered
2.5,0.76444309908447,0.75,stance,Filtered
2.7,0.6828067765567766,0.02,stance,Filtered
2.7,0.7455743879472693,0.05,stance,Filtered
2.7,0.7292432183908046,0.1,stance,Filtered
2.7,0.743834948437339,0.25,stance,Filtered
2.7,0.7520695285307479,0.5,stance,Filtered
2.7,0.7505226243769909,0.75,stance,Filtered
2.9,0.8358024691358025,0.02,stance,Filtered
2.9,0.6295808838583252,0.05,stance,Filtered
2.9,0.6319951010312774,0.1,stance,Filtered
2.9,0.6333051282414337,0.25,stance,Filtered
2.9,0.63392557887818,0.5,stance,Filtered
2.9,0.6418203601669913,0.75,stance,Filtered
3.1,0.7074074074074074,0.02,stance,Filtered
3.1,0.6986899563318778,0.05,stance,Filtered
3.1,0.7240900336765544,0.1,stance,Filtered
3.1,0.7404808883760507,0.25,stance,Filtered
3.1,0.747113504692063,0.5,stance,Filtered
3.1,0.750067539122517,0.75,stance,Filtered
3.3,0.8008241758241759,0.02,stance,Filtered
3.3,0.6625772134522993,0.05,stance,Filtered
3.3,0.6974683236478512,0.1,stance,Filtered
3.3,0.7077989260146191,0.25,stance,Filtered
3.3,0.7067159795811473,0.5,stance,Filtered
3.3,0.7011355059149481,0.75,stance,Filtered
3.5,0.8061497326203209,0.02,stance,Filtered
3.5,0.7699425574425575,0.05,stance,Filtered
3.5,0.7663401893568398,0.1,stance,Filtered
3.5,0.7448619075462406,0.25,stance,Filtered
3.5,0.7589262652744841,0.5,stance,Filtered
3.5,0.7622643426156646,0.75,stance,Filtered
3.7,0.568840579710145,0.02,stance,Filtered
3.7,0.526353242563689,0.05,stance,Filtered
3.7,0.5015278272220243,0.1,stance,Filtered
3.7,0.514042687678115,0.25,stance,Filtered
3.7,0.5265623058216908,0.5,stance,Filtered
3.7,0.5209540170872964,0.75,stance,Filtered
3.9,0.7465578786333503,0.02,stance,Filtered
3.9,0.8275340035481964,0.05,stance,Filtered
3.9,0.8094601723085714,0.1,stance,Filtered
3.9,0.8097171162871932,0.25,stance,Filtered
3.9,0.8033753576476307,0.5,stance,Filtered
3.9,0.805173534241719,0.75,stance,Filtered
4.1,0.7235955056179775,0.02,stance,Filtered
4.1,0.7671927540948041,0.05,stance,Filtered
4.1,0.7809914330485308,0.1,stance,Filtered
4.1,0.7758014917678783,0.25,stance,Filtered
4.1,0.7706886821594254,0.5,stance,Filtered
4.1,0.7626927389559158,0.75,stance,Filtered
4.3,0.22552804905746082,0.02,stance,Filtered
4.3,0.3265539787278918,0.05,stance,Filtered
4.3,0.4446359771878253,0.1,stance,Filtered
4.3,0.4759384194979259,0.25,stance,Filtered
4.3,0.4898505509814055,0.5,stance,Filtered
4.3,0.4901771417530745,0.75,stance,Filtered
4.5,0.5041515861187993,0.02,stance,Filtered
4.5,0.3805359436997624,0.05,stance,Filtered
4.5,0.3936472688188194,0.1,stance,Filtered
4.5,0.3994048126810832,0.25,stance,Filtered
4.5,0.39065647972197604,0.5,stance,Filtered
4.5,0.3868746201918517,0.75,stance,Filtered
4.8,0.5245210727969349,0.02,stance,Filtered
4.8,0.5663865546218487,0.05,stance,Filtered
4.8,0.5303843862726279,0.1,stance,Filtered
4.8,0.5261748685052519,0.25,stance,Filtered
4.8,0.5174907781112276,0.5,stance,Filtered
4.8,0.5136962317069531,0.75,stance,Filtered
5.0,0.7803030303030303,0.02,stance,Filtered
5.0,0.7311874007045659,0.05,stance,Filtered
5.0,0.728205969254266,0.1,stance,Filtered
5.0,0.7211699043901862,0.25,stance,Filtered
5.0,0.7142378345768177,0.5,stance,Filtered
5.0,0.707868188538491,0.75,stance,Filtered
0.1,0.8021978021978022,0.02,synth_short,Filtered
0.1,0.7874665642041172,0.05,synth_short,Filtered
0.1,0.7784434351775392,0.1,synth_short,Filtered
0.1,0.7627255904846492,0.25,synth_short,Filtered
0.1,0.7685629909110152,0.5,synth_short,Filtered
0.1,0.7748785141600006,0.75,synth_short,Filtered
0.3,0.722,0.02,synth_short,Filtered
0.3,0.7201704545454546,0.05,synth_short,Filtered
0.3,0.7387430168556881,0.1,synth_short,Filtered
0.3,0.7580125791882953,0.25,synth_short,Filtered
0.3,0.7607300182981888,0.5,synth_short,Filtered
0.3,0.7636481360520877,0.75,synth_short,Filtered
0.5,0.7384515289525049,0.02,synth_short,Filtered
0.5,0.6748818930557297,0.05,synth_short,Filtered
0.5,0.6975216587336919,0.1,synth_short,Filtered
0.5,0.6827628655301535,0.25,synth_short,Filtered
0.5,0.6759940048583124,0.5,synth_short,Filtered
0.5,0.6727963444789676,0.75,synth_short,Filtered
0.7,0.6895238095238095,0.02,synth_short,Filtered
0.7,0.7729869172655243,0.05,synth_short,Filtered
0.7,0.7756020799124248,0.1,synth_short,Filtered
0.7,0.7693029971644985,0.25,synth_short,Filtered
0.7,0.784712742670097,0.5,synth_short,Filtered
0.7,0.7894760058547645,0.75,synth_short,Filtered
0.9,0.765146358066712,0.02,synth_short,Filtered
0.9,0.738974819860303,0.05,synth_short,Filtered
0.9,0.7514438108667311,0.1,synth_short,Filtered
0.9,0.7943885809573528,0.25,synth_short,Filtered
0.9,0.8045645093394115,0.5,synth_short,Filtered
0.9,0.8001409693509374,0.75,synth_short,Filtered
1.1,0.881203007518797,0.02,synth_short,Filtered
1.1,0.807378079436903,0.05,synth_short,Filtered
1.1,0.7815054902195233,0.1,synth_short,Filtered
1.1,0.7691336227252566,0.25,synth_short,Filtered
1.1,0.7837442167739418,0.5,synth_short,Filtered
1.1,0.7766178187943978,0.75,synth_short,Filtered
1.3,0.8387351778656127,0.02,synth_short,Filtered
1.3,0.7930258717660292,0.05,synth_short,Filtered
1.3,0.781230405160012,0.1,synth_short,Filtered
1.3,0.7573310827753956,0.25,synth_short,Filtered
1.3,0.7709943280831982,0.5,synth_short,Filtered
1.3,0.7687367278090929,0.75,synth_short,Filtered
1.5,0.6476613178559235,0.02,synth_short,Filtered
1.5,0.7139879573876795,0.05,synth_short,Filtered
1.5,0.6901361718839932,0.1,synth_short,Filtered
1.5,0.6916526860759284,0.25,synth_short,Filtered
1.5,0.666960534188365,0.5,synth_short,Filtered
1.5,0.6640456353473021,0.75,synth_short,Filtered
1.7,0.8794288736118456,0.02,synth_short,Filtered
1.7,0.7172816581174581,0.05,synth_short,Filtered
1.7,0.7001927101436681,0.1,synth_short,Filtered
1.7,0.6774582260647748,0.25,synth_short,Filtered
1.7,0.6830059213024491,0.5,synth_short,Filtered
1.7,0.6772883994662365,0.75,synth_short,Filtered
1.9,0.512987012987013,0.02,synth_short,Filtered
1.9,0.5218763928093895,0.05,synth_short,Filtered
1.9,0.549062371279294,0.1,synth_short,Filtered
1.9,0.5613440539472282,0.25,synth_short,Filtered
1.9,0.5665209139884453,0.5,synth_short,Filtered
1.9,0.5704655401981531,0.75,synth_short,Filtered
2.1,0.7480694980694981,0.02,synth_short,Filtered
2.1,0.621608425751552,0.05,synth_short,Filtered
2.1,0.6180690740547158,0.1,synth_short,Filtered
2.1,0.6080899192092126,0.25,synth_short,Filtered
2.1,0.6065599129350161,0.5,synth_short,Filtered
2.1,0.5976560754880749,0.75,synth_short,Filtered
2.3,0.8394557823129252,0.02,synth_short,Filtered
2.3,0.5775691699604744,0.05,synth_short,Filtered
2.3,0.63359855090905,0.1,synth_short,Filtered
2.3,0.5827533127003367,0.25,synth_short,Filtered
2.3,0.6091981488121323,0.5,synth_short,Filtered
2.3,0.6113214172339996,0.75,synth_short,Filtered
2.5,0.8087804878048781,0.02,synth_short,Filtered
2.5,0.6159062288094546,0.05,synth_short,Filtered
2.5,0.60509267932031,0.1,synth_short,Filtered
2.5,0.6408434547908229,0.25,synth_short,Filtered
2.5,0.6300637419218892,0.5,synth_short,Filtered
2.5,0.6233926919947302,0.75,synth_short,Filtered
2.7,0.6003325942350333,0.02,synth_short,Filtered
2.7,0.7414965986394558,0.05,synth_short,Filtered
2.7,0.7691401199172909,0.1,synth_short,Filtered
2.7,0.7705578145945119,0.25,synth_short,Filtered
2.7,0.769544698426927,0.5,synth_short,Filtered
2.7,0.7741629554904755,0.75,synth_short,Filtered
2.9,0.6393897364771151,0.02,synth_short,Filtered
2.9,0.41760309791361316,0.05,synth_short,Filtered
2.9,0.4917365305149395,0.1,synth_short,Filtered
2.9,0.48129615095878786,0.25,synth_short,Filtered
2.9,0.4700233338496651,0.5,synth_short,Filtered
2.9,0.4766354640151068,0.75,synth_short,Filtered
3.1,0.5996292863762743,0.02,synth_short,Filtered
3.1,0.6173265586552903,0.05,synth_short,Filtered
3.1,0.6185928443264785,0.1,synth_short,Filtered
3.1,0.597617110543038,0.25,synth_short,Filtered
3.1,0.601071433314736,0.5,synth_short,Filtered
3.1,0.5982833339950977,0.75,synth_short,Filtered
3.3,1.0,0.02,synth_short,Filtered
3.3,0.46739130434782605,0.05,synth_short,Filtered
3.3,0.4964349376114082,0.1,synth_short,Filtered
3.3,0.6592690574172055,0.25,synth_short,Filtered
3.3,0.6014073462085343,0.5,synth_short,Filtered
3.3,0.6001547204390287,0.75,synth_short,Filtered
3.5,0.6161462300076161,0.02,synth_short,Filtered
3.5,0.546815251830001,0.05,synth_short,Filtered
3.5,0.4816917273731093,0.1,synth_short,Filtered
3.5,0.5033487347265204,0.25,synth_short,Filtered
3.5,0.5096951387571751,0.5,synth_short,Filtered
3.5,0.5001927358548011,0.75,synth_short,Filtered
3.7,0.36575052854122614,0.02,synth_short,Filtered
3.7,0.31582190226027196,0.05,synth_short,Filtered
3.7,0.2976573427757627,0.1,synth_short,Filtered
3.7,0.34155999583537267,0.25,synth_short,Filtered
3.7,0.31660988481931585,0.5,synth_short,Filtered
3.7,0.3056885490685527,0.75,synth_short,Filtered
3.9,0.6263111888111887,0.02,synth_short,Filtered
3.9,0.5036114720904228,0.05,synth_short,Filtered
3.9,0.4538203888066634,0.1,synth_short,Filtered
3.9,0.42062297011328553,0.25,synth_short,Filtered
3.9,0.4218171867686028,0.5,synth_short,Filtered
3.9,0.41734522030749677,0.75,synth_short,Filtered
4.1,0.7056277056277056,0.02,synth_short,Filtered
4.1,0.4402371960511495,0.05,synth_short,Filtered
4.1,0.3914146505376346,0.1,synth_short,Filtered
4.1,0.30437059779664055,0.25,synth_short,Filtered
4.1,0.2985202239945144,0.5,synth_short,Filtered
4.1,0.2896140304816105,0.75,synth_short,Filtered
4.3,0.19621870209504344,0.02,synth_short,Filtered
4.3,0.3678905116110305,0.05,synth_short,Filtered
4.3,0.3842866360361893,0.1,synth_short,Filtered
4.3,0.40453150983598896,0.25,synth_short,Filtered
4.3,0.42790899265777593,0.5,synth_short,Filtered
4.3,0.42909996836610353,0.75,synth_short,Filtered
4.5,0.7472801854824327,0.02,synth_short,Filtered
4.5,0.6291972089977078,0.05,synth_short,Filtered
4.5,0.510131380976589,0.1,synth_short,Filtered
4.5,0.5075314698734452,0.25,synth_short,Filtered
4.5,0.4996459924706632,0.5,synth_short,Filtered
4.5,0.49196993513796894,0.75,synth_short,Filtered
4.8,0.3236929922135706,0.02,synth_short,Filtered
4.8,0.3416646246834927,0.05,synth_short,Filtered
4.8,0.31097717194368923,0.1,synth_short,Filtered
4.8,0.36337146567120493,0.25,synth_short,Filtered
4.8,0.35322674093240336,0.5,synth_short,Filtered
4.8,0.35421713885774586,0.75,synth_short,Filtered
5.0,0.04112253403723254,0.02,synth_short,Filtered
5.0,0.3375891161545407,0.05,synth_short,Filtered
5.0,0.37479505864845963,0.1,synth_short,Filtered
5.0,0.35473430458023236,0.25,synth_short,Filtered
5.0,0.35638367426828566,0.5,synth_short,Filtered
5.0,0.35728143180758165,0.75,synth_short,Filtered
0.1,1.0,0.02,synth,Filtered
0.1,0.9797297297297297,0.05,synth,Filtered
0.1,0.9755883144625993,0.1,synth,Filtered
0.1,0.9609723929015573,0.25,synth,Filtered
0.1,0.9592531110204592,0.5,synth,Filtered
0.1,0.9603820048084268,0.75,synth,Filtered
0.3,0.9718196457326892,0.02,synth,Filtered
0.3,0.9725995588064553,0.05,synth,Filtered
0.3,0.9691842160887316,0.1,synth,Filtered
0.3,0.9612741342954103,0.25,synth,Filtered
0.3,0.9612917479718026,0.5,synth,Filtered
0.3,0.9606804813543649,0.75,synth,Filtered
0.5,1.0,0.02,synth,Filtered
0.5,0.9340908348131121,0.05,synth,Filtered
0.5,0.9308758114062942,0.1,synth,Filtered
0.5,0.9340597504035619,0.25,synth,Filtered
0.5,0.9297144478841568,0.5,synth,Filtered
0.5,0.9270781429372502,0.75,synth,Filtered
0.7,0.9692307692307692,0.02,synth,Filtered
0.7,0.9658035616737681,0.05,synth,Filtered
0.7,0.9506019896234206,0.1,synth,Filtered
0.7,0.9547730998193962,0.25,synth,Filtered
0.7,0.9562795223870811,0.5,synth,Filtered
0.7,0.9552083268691223,0.75,synth,Filtered
0.9,0.9466809804974057,0.02,synth,Filtered
0.9,0.9147243916938278,0.05,synth,Filtered
0.9,0.9261634012292241,0.1,synth,Filtered
0.9,0.9425469656822932,0.25,synth,Filtered
0.9,0.951287478981774,0.5,synth,Filtered
0.9,0.9486415565770765,0.75,synth,Filtered
1.1,0.9473867595818816,0.02,synth,Filtered
1.1,0.9572482638888888,0.05,synth,Filtered
1.1,0.9475073153389668,0.1,synth,Filtered
1.1,0.9564817625133121,0.25,synth,Filtered
1.1,0.9544075388269365,0.5,synth,Filtered
1.1,0.9545174514463168,0.75,synth,Filtered
1.3,0.9736564805057956,0.02,synth,Filtered
1.3,0.9539109023657407,0.05,synth,Filtered
1.3,0.9497273814828961,0.1,synth,Filtered
1.3,0.9376706443122806,0.25,synth,Filtered
1.3,0.944248421955994,0.5,synth,Filtered
1.3,0.944061412507455,0.75,synth,Filtered
1.5,0.9699955217196596,0.02,synth,Filtered
1.5,0.9227045109813619,0.05,synth,Filtered
1.5,0.9097541520552791,0.1,synth,Filtered
1.5,0.9238913996893428,0.25,synth,Filtered
1.5,0.9248484039922961,0.5,synth,Filtered
1.5,0.9250375080220987,0.75,synth,Filtered
1.7,1.0,0.02,synth,Filtered
1.7,0.9559037312227427,0.05,synth,Filtered
1.7,0.927992074878732,0.1,synth,Filtered
1.7,0.9224128728432126,0.25,synth,Filtered
1.7,0.927653182274383,0.5,synth,Filtered
1.7,0.9278252259812544,0.75,synth,Filtered
1.9,0.9709773794280836,0.02,synth,Filtered
1.9,0.9145995670995671,0.05,synth,Filtered
1.9,0.9236481144754526,0.1,synth,Filtered
1.9,0.9278340204881189,0.25,synth,Filtered
1.9,0.930679594292909,0.5,synth,Filtered
1.9,0.9267731069739418,0.75,synth,Filtered
2.1,1.0,0.02,synth,Filtered
2.1,0.9664315746643157,0.05,synth,Filtered
2.1,0.952495258416311,0.1,synth,Filtered
2.1,0.9385332925347947,0.25,synth,Filtered
2.1,0.9356015082168504,0.5,synth,Filtered
2.1,0.9355318992815398,0.75,synth,Filtered
2.3,0.9024390243902439,0.02,synth,Filtered
2.3,0.9250682543337391,0.05,synth,Filtered
2.3,0.9171929859962065,0.1,synth,Filtered
2.3,0.9194428605716419,0.25,synth,Filtered
2.3,0.9167509948463008,0.5,synth,Filtered
2.3,0.9141964592160852,0.75,synth,Filtered
2.5,0.9187396351575456,0.02,synth,Filtered
2.5,0.9216583604881478,0.05,synth,Filtered
2.5,0.9399294933426565,0.1,synth,Filtered
2.5,0.930340667864141,0.25,synth,Filtered
2.5,0.9285947774495743,0.5,synth,Filtered
2.5,0.9294049660276064,0.75,synth,Filtered
2.7,0.8810641627543035,0.02,synth,Filtered
2.7,0.9056587379168024,0.05,synth,Filtered
2.7,0.9206464990779695,0.1,synth,Filtered
2.7,0.9272323427098896,0.25,synth,Filtered
2.7,0.9178123674515268,0.5,synth,Filtered
2.7,0.9195696856373028,0.75,synth,Filtered
2.9,0.9509146341463415,0.02,synth,Filtered
2.9,0.8888032458704007,0.05,synth,Filtered
2.9,0.8981500826851547,0.1,synth,Filtered
2.9,0.9093624751947083,0.25,synth,Filtered
2.9,0.9100825399107758,0.5,synth,Filtered
2.9,0.9102996316564005,0.75,synth,Filtered
3.1,0.8891257995735607,0.02,synth,Filtered
3.1,0.8736969964664311,0.05,synth,Filtered
3.1,0.8947877115962665,0.1,synth,Filtered
3.1,0.8951689967374066,0.25,synth,Filtered
3.1,0.8992573898254758,0.5,synth,Filtered
3.1,0.8966014202499359,0.75,synth,Filtered
3.3,0.9474873934967831,0.02,synth,Filtered
3.3,0.9049238743116295,0.05,synth,Filtered
3.3,0.9375389556196453,0.1,synth,Filtered
3.3,0.9218783988947397,0.25,synth,Filtered
3.3,0.9185200177455976,0.5,synth,Filtered
3.3,0.9153458118757957,0.75,synth,Filtered
3.5,0.9713930348258707,0.02,synth,Filtered
3.5,0.9620906365313653,0.05,synth,Filtered
3.5,0.9301331046872447,0.1,synth,Filtered
3.5,0.9291183746747078,0.25,synth,Filtered
3.5,0.937437795291626,0.5,synth,Filtered
3.5,0.9354251723437936,0.75,synth,Filtered
3.7,1.0,0.02,synth,Filtered
3.7,0.9586466165413534,0.05,synth,Filtered
3.7,0.9114525904203323,0.1,synth,Filtered
3.7,0.9042433755730428,0.25,synth,Filtered
3.7,0.9030697276648093,0.5,synth,Filtered
3.7,0.9006948027256645,0.75,synth,Filtered
3.9,0.9476744186046512,0.02,synth,Filtered
3.9,0.9119303576936698,0.05,synth,Filtered
3.9,0.893880281863046,0.1,synth,Filtered
3.9,0.9053040024730954,0.25,synth,Filtered
3.9,0.9163054007455085,0.5,synth,Filtered
3.9,0.9148408115403336,0.75,synth,Filtered
4.1,0.869281045751634,0.02,synth,Filtered
4.1,0.8512798570161481,0.05,synth,Filtered
4.1,0.854936245331466,0.1,synth,Filtered
4.1,0.8643141553657934,0.25,synth,Filtered
4.1,0.8511519473205673,0.5,synth,Filtered
4.1,0.8536805505697065,0.75,synth,Filtered
4.3,0.7803203661327232,0.02,synth,Filtered
4.3,0.8566927716266091,0.05,synth,Filtered
4.3,0.8679078882900539,0.1,synth,Filtered
4.3,0.8517558533048303,0.25,synth,Filtered
4.3,0.8455535825968897,0.5,synth,Filtered
4.3,0.8450198404978977,0.75,synth,Filtered
4.5,0.9665753424657534,0.02,synth,Filtered
4.5,0.9636231597015911,0.05,synth,Filtered
4.5,0.955092509430573,0.1,synth,Filtered
4.5,0.9449128930729014,0.25,synth,Filtered
4.5,0.9419204000537671,0.5,synth,Filtered
4.5,0.9399652931864254,0.75,synth,Filtered
4.8,0.8382889932185706,0.02,synth,Filtered
4.8,0.876078301260783,0.05,synth,Filtered
4.8,0.8724558136495801,0.1,synth,Filtered
4.8,0.8653647228352868,0.25,synth,Filtered
4.8,0.8715643556970591,0.5,synth,Filtered
4.8,0.8712570029844067,0.75,synth,Filtered
5.0,0.971609477124183,0.02,synth,Filtered
5.0,0.9654094801879816,0.05,synth,Filtered
5.0,0.947629750620076,0.1,synth,Filtered
5.0,0.948022819360399,0.25,synth,Filtered
5.0,0.9409365731234315,0.5,synth,Filtered
5.0,0.9376411947870114,0.75,synth,Filtered
0.1,0.85,0.02,tweets_pop,Filtered
0.1,0.816267942583732,0.05,tweets_pop,Filtered
0.1,0.7671462357114702,0.1,tweets_pop,Filtered
0.1,0.7494327710367958,0.25,tweets_pop,Filtered
0.1,0.7680631312242672,0.5,tweets_pop,Filtered
0.1,0.7634860435196063,0.75,tweets_pop,Filtered
0.3,0.368421052631579,0.02,tweets_pop,Filtered
0.3,0.5712918660287081,0.05,tweets_pop,Filtered
0.3,0.6639264990328819,0.1,tweets_pop,Filtered
0.3,0.7258921370138101,0.25,tweets_pop,Filtered
0.3,0.7566128310244087,0.5,tweets_pop,Filtered
0.3,0.7506675879901032,0.75,tweets_pop,Filtered
0.5,0.7112299465240641,0.02,tweets_pop,Filtered
0.5,0.7899917965545529,0.05,tweets_pop,Filtered
0.5,0.711054047444363,0.1,tweets_pop,Filtered
0.5,0.7274116315165704,0.25,tweets_pop,Filtered
0.5,0.7556517844472825,0.5,tweets_pop,Filtered
0.5,0.7530645069297895,0.75,tweets_pop,Filtered
0.7,0.7741935483870968,0.02,tweets_pop,Filtered
0.7,0.7981651376146789,0.05,tweets_pop,Filtered
0.7,0.7388750847074769,0.1,tweets_pop,Filtered
0.7,0.7332727272727273,0.25,tweets_pop,Filtered
0.7,0.7636455010632642,0.5,tweets_pop,Filtered
0.7,0.7743577327327328,0.75,tweets_pop,Filtered
0.9,0.83125,0.02,tweets_pop,Filtered
0.9,0.7178130511463845,0.05,tweets_pop,Filtered
0.9,0.7329257641921397,0.1,tweets_pop,Filtered
0.9,0.7393771042131865,0.25,tweets_pop,Filtered
0.9,0.7644079333140793,0.5,tweets_pop,Filtered
0.9,0.7578742051182996,0.75,tweets_pop,Filtered
1.1,0.55,0.02,tweets_pop,Filtered
1.1,0.8306878306878307,0.05,tweets_pop,Filtered
1.1,0.7868867243867244,0.1,tweets_pop,Filtered
1.1,0.7488590631447775,0.25,tweets_pop,Filtered
1.1,0.763539265245607,0.5,tweets_pop,Filtered
1.1,0.7582795936802905,0.75,tweets_pop,Filtered
1.3,0.6842105263157895,0.02,tweets_pop,Filtered
1.3,0.7178130511463845,0.05,tweets_pop,Filtered
1.3,0.7492784992784993,0.1,tweets_pop,Filtered
1.3,0.747319062433131,0.25,tweets_pop,Filtered
1.3,0.7654596427021384,0.5,tweets_pop,Filtered
1.3,0.7618297186248505,0.75,tweets_pop,Filtered
1.5,0.5867346938775511,0.02,tweets_pop,Filtered
1.5,0.6746550472040669,0.05,tweets_pop,Filtered
1.5,0.6791222729578894,0.1,tweets_pop,Filtered
1.5,0.7143838452273412,0.25,tweets_pop,Filtered
1.5,0.7298550532355965,0.5,tweets_pop,Filtered
1.5,0.7197019082158872,0.75,tweets_pop,Filtered
1.7,0.6875,0.02,tweets_pop,Filtered
1.7,0.6188118811881188,0.05,tweets_pop,Filtered
1.7,0.6712204007285976,0.1,tweets_pop,Filtered
1.7,0.7403297400126823,0.25,tweets_pop,Filtered
1.7,0.7343547481885837,0.5,tweets_pop,Filtered
1.7,0.730987679492034,0.75,tweets_pop,Filtered
1.9,0.5867346938775511,0.02,tweets_pop,Filtered
1.9,0.6615746180963572,0.05,tweets_pop,Filtered
1.9,0.7777633739521217,0.1,tweets_pop,Filtered
1.9,0.736816649977535,0.25,tweets_pop,Filtered
1.9,0.7457278764350923,0.5,tweets_pop,Filtered
1.9,0.7384800551173353,0.75,tweets_pop,Filtered
2.1,0.7112299465240641,0.02,tweets_pop,Filtered
2.1,0.6228956228956228,0.05,tweets_pop,Filtered
2.1,0.7183660130718954,0.1,tweets_pop,Filtered
2.1,0.7385311056058349,0.25,tweets_pop,Filtered
2.1,0.7708795795589442,0.5,tweets_pop,Filtered
2.1,0.7600234456910288,0.75,tweets_pop,Filtered
2.3,0.859375,0.02,tweets_pop,Filtered
2.3,0.8215850258861012,0.05,tweets_pop,Filtered
2.3,0.822466499162479,0.1,tweets_pop,Filtered
2.3,0.7310159468683896,0.25,tweets_pop,Filtered
2.3,0.7582557247297358,0.5,tweets_pop,Filtered
2.3,0.7466788132169652,0.75,tweets_pop,Filtered
2.5,0.5867346938775511,0.02,tweets_pop,Filtered
2.5,0.7242459851155503,0.05,tweets_pop,Filtered
2.5,0.7438860971524288,0.1,tweets_pop,Filtered
2.5,0.7321863692084396,0.25,tweets_pop,Filtered
2.5,0.7597179350845077,0.5,tweets_pop,Filtered
2.5,0.7621230314934542,0.75,tweets_pop,Filtered
2.7,0.16923076923076918,0.02,tweets_pop,Filtered
2.7,0.5824915824915826,0.05,tweets_pop,Filtered
2.7,0.6487585146121732,0.1,tweets_pop,Filtered
2.7,0.6316514081891067,0.25,tweets_pop,Filtered
2.7,0.6842087953199066,0.5,tweets_pop,Filtered
2.7,0.6701667566183696,0.75,tweets_pop,Filtered
2.9,0.859375,0.02,tweets_pop,Filtered
2.9,0.8495887191539365,0.05,tweets_pop,Filtered
2.9,0.8153101024388154,0.1,tweets_pop,Filtered
2.9,0.7362382347042511,0.25,tweets_pop,Filtered
2.9,0.7773065114651303,0.5,tweets_pop,Filtered
2.9,0.761638872064069,0.75,tweets_pop,Filtered
3.1,1.0,0.02,tweets_pop,Filtered
3.1,0.7898193760262726,0.05,tweets_pop,Filtered
3.1,0.798432294728591,0.1,tweets_pop,Filtered
3.1,0.7589651383478174,0.25,tweets_pop,Filtered
3.1,0.7913303704525849,0.5,tweets_pop,Filtered
3.1,0.7968078612372516,0.75,tweets_pop,Filtered
3.3,0.578125,0.02,tweets_pop,Filtered
3.3,0.6831683168316831,0.05,tweets_pop,Filtered
3.3,0.7558684137161974,0.1,tweets_pop,Filtered
3.3,0.7327758219831317,0.25,tweets_pop,Filtered
3.3,0.7148862212925999,0.5,tweets_pop,Filtered
3.3,0.6842985911494377,0.75,tweets_pop,Filtered
3.5,0.8366013071895425,0.02,tweets_pop,Filtered
3.5,0.9298771351513335,0.05,tweets_pop,Filtered
3.5,0.8690909090909091,0.1,tweets_pop,Filtered
3.5,0.8967934720147109,0.25,tweets_pop,Filtered
3.5,0.9016392668178382,0.5,tweets_pop,Filtered
3.5,0.8884359400998336,0.75,tweets_pop,Filtered
3.7,0.30612244897959184,0.02,tweets_pop,Filtered
3.7,0.33655705996131535,0.05,tweets_pop,Filtered
3.7,0.5532514419055166,0.1,tweets_pop,Filtered
3.7,0.6117235396182766,0.25,tweets_pop,Filtered
3.7,0.6273678716036241,0.5,tweets_pop,Filtered
3.7,0.6299700435729845,0.75,tweets_pop,Filtered
3.9,0.4423076923076923,0.02,tweets_pop,Filtered
3.9,0.62,0.05,tweets_pop,Filtered
3.9,0.5574229691876751,0.1,tweets_pop,Filtered
3.9,0.47724657297706796,0.25,tweets_pop,Filtered
3.9,0.4824985126958813,0.5,tweets_pop,Filtered
3.9,0.4561284659275229,0.75,tweets_pop,Filtered
4.1,0.42245989304812837,0.02,tweets_pop,Filtered
4.1,0.5076923076923077,0.05,tweets_pop,Filtered
4.1,0.5389231601731601,0.1,tweets_pop,Filtered
4.1,0.5789683448581755,0.25,tweets_pop,Filtered
4.1,0.615444664260262,0.5,tweets_pop,Filtered
4.1,0.611641380664801,0.75,tweets_pop,Filtered
4.3,0.7230769230769231,0.02,tweets_pop,Filtered
4.3,0.7618488053270662,0.05,tweets_pop,Filtered
4.3,0.7024358814482271,0.1,tweets_pop,Filtered
4.3,0.6894832372410846,0.25,tweets_pop,Filtered
4.3,0.6990069041627398,0.5,tweets_pop,Filtered
4.3,0.694009018103506,0.75,tweets_pop,Filtered
4.5,0.6025641025641026,0.02,tweets_pop,Filtered
4.5,0.6055261610817166,0.05,tweets_pop,Filtered
4.5,0.5943406904357669,0.1,tweets_pop,Filtered
4.5,0.5918054028793407,0.25,tweets_pop,Filtered
4.5,0.5902304087173091,0.5,tweets_pop,Filtered
4.5,0.5828551473407116,0.75,tweets_pop,Filtered
4.8,0.4,0.02,tweets_pop,Filtered
4.8,0.5974842767295598,0.05,tweets_pop,Filtered
4.8,0.6153805993526156,0.1,tweets_pop,Filtered
4.8,0.5929880445634117,0.25,tweets_pop,Filtered
4.8,0.6126461603545725,0.5,tweets_pop,Filtered
4.8,0.6102523294565732,0.75,tweets_pop,Filtered
5.0,0.7986111111111112,0.02,tweets_pop,Filtered
5.0,0.8704061895551257,0.05,tweets_pop,Filtered
5.0,0.8809869375907111,0.1,tweets_pop,Filtered
5.0,0.8492286472148541,0.25,tweets_pop,Filtered
5.0,0.8091995281844309,0.5,tweets_pop,Filtered
5.0,0.8083555555555556,0.75,tweets_pop,Filtered
0.1,1.0,0.02,tweets_rd,Filtered
0.1,0.8742014742014742,0.05,tweets_rd,Filtered
0.1,0.9046857142857143,0.1,tweets_rd,Filtered
0.1,0.9227493917274939,0.25,tweets_rd,Filtered
0.1,0.9095950650757901,0.5,tweets_rd,Filtered
0.1,0.9150481807609238,0.75,tweets_rd,Filtered
0.3,1.0,0.02,tweets_rd,Filtered
0.3,0.8703557312252964,0.05,tweets_rd,Filtered
0.3,0.9036475542597991,0.1,tweets_rd,Filtered
0.3,0.9081725797023248,0.25,tweets_rd,Filtered
0.3,0.9179002738182855,0.5,tweets_rd,Filtered
0.3,0.9143547300215983,0.75,tweets_rd,Filtered
0.5,0.859375,0.02,tweets_rd,Filtered
0.5,0.7061224489795919,0.05,tweets_rd,Filtered
0.5,0.797029948608896,0.1,tweets_rd,Filtered
0.5,0.8297266222551196,0.25,tweets_rd,Filtered
0.5,0.8253634321297754,0.5,tweets_rd,Filtered
0.5,0.8262461505787406,0.75,tweets_rd,Filtered
0.7,1.0,0.02,tweets_rd,Filtered
0.7,0.8658983761131482,0.05,tweets_rd,Filtered
0.7,0.8757686257686258,0.1,tweets_rd,Filtered
0.7,0.8649643311618392,0.25,tweets_rd,Filtered
0.7,0.8467127319079679,0.5,tweets_rd,Filtered
0.7,0.8556574790282165,0.75,tweets_rd,Filtered
0.9,1.0,0.02,tweets_rd,Filtered
0.9,0.8248494800218938,0.05,tweets_rd,Filtered
0.9,0.864051293197131,0.1,tweets_rd,Filtered
0.9,0.8834820871857909,0.25,tweets_rd,Filtered
0.9,0.8891664127793062,0.5,tweets_rd,Filtered
0.9,0.8841713464803448,0.75,tweets_rd,Filtered
1.1,0.7248677248677249,0.02,tweets_rd,Filtered
1.1,0.8233044365119837,0.05,tweets_rd,Filtered
1.1,0.8626812121212121,0.1,tweets_rd,Filtered
1.1,0.8679109555749975,0.25,tweets_rd,Filtered
1.1,0.8840353359727429,0.5,tweets_rd,Filtered
1.1,0.8778677462887989,0.75,tweets_rd,Filtered
1.3,0.859375,0.02,tweets_rd,Filtered
1.3,0.6452328159645233,0.05,tweets_rd,Filtered
1.3,0.7713882783882784,0.1,tweets_rd,Filtered
1.3,0.8557392222256219,0.25,tweets_rd,Filtered
1.3,0.8498605894780056,0.5,tweets_rd,Filtered
1.3,0.849508792146509,0.75,tweets_rd,Filtered
1.5,1.0,0.02,tweets_rd,Filtered
1.5,0.8541310541310542,0.05,tweets_rd,Filtered
1.5,0.8716170004885198,0.1,tweets_rd,Filtered
1.5,0.8642261720989723,0.25,tweets_rd,Filtered
1.5,0.8508143345121176,0.5,tweets_rd,Filtered
1.5,0.8498396690603398,0.75,tweets_rd,Filtered
1.7,0.859375,0.02,tweets_rd,Filtered
1.7,0.6919786096256684,0.05,tweets_rd,Filtered
1.7,0.8129663608562692,0.1,tweets_rd,Filtered
1.7,0.8158401551575404,0.25,tweets_rd,Filtered
1.7,0.8166194487813341,0.5,tweets_rd,Filtered
1.7,0.8135837462405608,0.75,tweets_rd,Filtered
1.9,1.0,0.02,tweets_rd,Filtered
1.9,0.7849999999999999,0.05,tweets_rd,Filtered
1.9,0.7542742370058296,0.1,tweets_rd,Filtered
1.9,0.7560703070837242,0.25,tweets_rd,Filtered
1.9,0.7504197598051568,0.5,tweets_rd,Filtered
1.9,0.7496937539870809,0.75,tweets_rd,Filtered
2.1,0.7254901960784313,0.02,tweets_rd,Filtered
2.1,0.7810945273631841,0.05,tweets_rd,Filtered
2.1,0.7127556430843812,0.1,tweets_rd,Filtered
2.1,0.7143742964117239,0.25,tweets_rd,Filtered
2.1,0.7137868484866139,0.5,tweets_rd,Filtered
2.1,0.7010232146635124,0.75,tweets_rd,Filtered
2.3,0.8484848484848485,0.02,tweets_rd,Filtered
2.3,0.7181334705781437,0.05,tweets_rd,Filtered
2.3,0.6785131646876613,0.1,tweets_rd,Filtered
2.3,0.6972013531918633,0.25,tweets_rd,Filtered
2.3,0.7001992563550354,0.5,tweets_rd,Filtered
2.3,0.6903369586281544,0.75,tweets_rd,Filtered
2.5,0.7112299465240641,0.02,tweets_rd,Filtered
2.5,0.7531340405014465,0.05,tweets_rd,Filtered
2.5,0.7404761904761905,0.1,tweets_rd,Filtered
2.5,0.7682185219766919,0.25,tweets_rd,Filtered
2.5,0.7767396631869933,0.5,tweets_rd,Filtered
2.5,0.7867127184071516,0.75,tweets_rd,Filtered
2.7,0.7112299465240641,0.02,tweets_rd,Filtered
2.7,0.7762237762237763,0.05,tweets_rd,Filtered
2.7,0.7785324947589098,0.1,tweets_rd,Filtered
2.7,0.7565266491211871,0.25,tweets_rd,Filtered
2.7,0.7395585619340184,0.5,tweets_rd,Filtered
2.7,0.7438432656204872,0.75,tweets_rd,Filtered
2.9,0.7244897959183674,0.02,tweets_rd,Filtered
2.9,0.7222757955641272,0.05,tweets_rd,Filtered
2.9,0.7499743036283277,0.1,tweets_rd,Filtered
2.9,0.7916408259060277,0.25,tweets_rd,Filtered
2.9,0.807655481788532,0.5,tweets_rd,Filtered
2.9,0.7978005206322545,0.75,tweets_rd,Filtered
3.1,0.85,0.02,tweets_rd,Filtered
3.1,0.5796387520525452,0.05,tweets_rd,Filtered
3.1,0.7372669220945083,0.1,tweets_rd,Filtered
3.1,0.7593063162296403,0.25,tweets_rd,Filtered
3.1,0.7574755905277186,0.5,tweets_rd,Filtered
3.1,0.7589909334108049,0.75,tweets_rd,Filtered
3.3,0.42245989304812837,0.02,tweets_rd,Filtered
3.3,0.6186693147964251,0.05,tweets_rd,Filtered
3.3,0.6702134272689597,0.1,tweets_rd,Filtered
3.3,0.7193499960868854,0.25,tweets_rd,Filtered
3.3,0.726825167069939,0.5,tweets_rd,Filtered
3.3,0.7289644845284227,0.75,tweets_rd,Filtered
3.5,0.6842105263157895,0.02,tweets_rd,Filtered
3.5,0.704360679970436,0.05,tweets_rd,Filtered
3.5,0.7493583451485077,0.1,tweets_rd,Filtered
3.5,0.791476771685105,0.25,tweets_rd,Filtered
3.5,0.8066722221103048,0.5,tweets_rd,Filtered
3.5,0.8159335309518143,0.75,tweets_rd,Filtered
3.7,0.49375,0.02,tweets_rd,Filtered
3.7,0.4846441947565544,0.05,tweets_rd,Filtered
3.7,0.632461753456899,0.1,tweets_rd,Filtered
3.7,0.7153951311560007,0.25,tweets_rd,Filtered
3.7,0.7278109761206536,0.5,tweets_rd,Filtered
3.7,0.723259742905555,0.75,tweets_rd,Filtered
3.9,0.6457142857142857,0.02,tweets_rd,Filtered
3.9,0.7407407407407407,0.05,tweets_rd,Filtered
3.9,0.5915622527644385,0.1,tweets_rd,Filtered
3.9,0.6460447161085997,0.25,tweets_rd,Filtered
3.9,0.6027581562602158,0.5,tweets_rd,Filtered
3.9,0.5958434574846497,0.75,tweets_rd,Filtered
4.1,0.5374149659863946,0.02,tweets_rd,Filtered
4.1,0.6214705882352941,0.05,tweets_rd,Filtered
4.1,0.7437474989995998,0.1,tweets_rd,Filtered
4.1,0.7397755347529558,0.25,tweets_rd,Filtered
4.1,0.7649572379556723,0.5,tweets_rd,Filtered
4.1,0.7622429297097583,0.75,tweets_rd,Filtered
4.3,0.04166666666666674,0.02,tweets_rd,Filtered
4.3,0.5380759131057531,0.05,tweets_rd,Filtered
4.3,0.6226242690058479,0.1,tweets_rd,Filtered
4.3,0.5814544566734271,0.25,tweets_rd,Filtered
4.3,0.5756638185481207,0.5,tweets_rd,Filtered
4.3,0.563655232697582,0.75,tweets_rd,Filtered
4.5,0.8205128205128205,0.02,tweets_rd,Filtered
4.5,0.7713382507903056,0.05,tweets_rd,Filtered
4.5,0.784477269168537,0.1,tweets_rd,Filtered
4.5,0.7362203503111965,0.25,tweets_rd,Filtered
4.5,0.7385183404534624,0.5,tweets_rd,Filtered
4.5,0.741701230483589,0.75,tweets_rd,Filtered
4.8,0.41052631578947374,0.02,tweets_rd,Filtered
4.8,0.5866666666666667,0.05,tweets_rd,Filtered
4.8,0.6483898817232151,0.1,tweets_rd,Filtered
4.8,0.6534477070273839,0.25,tweets_rd,Filtered
4.8,0.6358857276119403,0.5,tweets_rd,Filtered
4.8,0.6333511681826287,0.75,tweets_rd,Filtered
5.0,0.7971014492753623,0.02,tweets_rd,Filtered
5.0,0.8292273236282195,0.05,tweets_rd,Filtered
5.0,0.8807869756589065,0.1,tweets_rd,Filtered
5.0,0.8433590149516271,0.25,tweets_rd,Filtered
5.0,0.8206034305867917,0.5,tweets_rd,Filtered
5.0,0.8183843892163202,0.75,tweets_rd,Filtered
